fold,status,stage,start_time_utc,end_time_utc,duration_minutes,last_updated_utc,message
fold_01,evaluation_completed,evaluation,2026-07-29T15:38:29.082007+00:00,2026-07-29T15:47:12.652876+00:00,8.7262,2026-07-29T15:47:12.655922+00:00,Unseen test-set evaluation completed successfully.
fold_02,evaluation_completed,evaluation,2026-07-29T16:27:13.617174+00:00,2026-07-29T16:35:52.742232+00:00,8.6521,2026-07-29T16:35:52.745262+00:00,Unseen test-set evaluation completed successfully.
fold_03,evaluation_completed,evaluation,2026-07-29T17:01:05.485786+00:00,2026-07-29T17:09:50.496907+00:00,8.7502,2026-07-29T17:09:50.499956+00:00,Unseen test-set evaluation completed successfully.
fold_04,evaluation_completed,evaluation,2026-07-29T17:35:01.455525+00:00,2026-07-29T17:43:47.971733+00:00,8.7753,2026-07-29T17:43:47.974790+00:00,Unseen test-set evaluation completed successfully.
fold_05,evaluation_completed,evaluation,2026-07-29T18:08:59.244284+00:00,2026-07-29T18:17:49.398222+00:00,8.8359,2026-07-29T18:17:49.401352+00:00,Unseen test-set evaluation completed successfully.
fold_06,evaluation_completed,evaluation,2026-07-29T18:42:55.502980+00:00,2026-07-29T18:51:46.789165+00:00,8.8548,2026-07-29T18:51:46.792315+00:00,Unseen test-set evaluation completed successfully.
fold_07,evaluation_completed,evaluation,2026-07-29T19:16:58.822408+00:00,2026-07-29T19:25:40.405436+00:00,8.6931,2026-07-29T19:25:40.408552+00:00,Unseen test-set evaluation completed successfully.
fold_08,evaluation_completed,evaluation,2026-07-29T19:50:48.080358+00:00,2026-07-29T19:59:28.452098+00:00,8.6729,2026-07-29T19:59:28.455228+00:00,Unseen test-set evaluation completed successfully.
fold_09,evaluation_completed,evaluation,2026-07-29T20:24:32.126132+00:00,2026-07-29T20:33:10.207183+00:00,8.6347,2026-07-29T20:33:10.210342+00:00,Unseen test-set evaluation completed successfully.
fold_10,evaluation_completed,evaluation,2026-07-29T20:58:12.180603+00:00,2026-07-29T21:06:53.832458+00:00,8.6942,2026-07-29T21:06:53.835661+00:00,Unseen test-set evaluation completed successfully.
