example_id,true_label,pred_label,raw_prediction,higher_level_requirement,lower_level_requirement
ex_000037,trace,trace,trace,The DPU-BOOT CSC shall log detected BIT failures to the SYSTEM_BLOCK.,"Built-In TestThere are two stages of Built-In Tests (BIT) for the DPU. The Stage 1 BIT is included in the Bootstrap program and consists of Central Processing Unit (CPU) BIT, and Dynamic Random Access Memory (DRAM) BIT. The Stage 2 BIT is executed after the operating system is booted and is not part of the Bootstrap program."
ex_000038,trace,trace,trace,The DPU-BOOT CSC shall log detected BIT failures to the SYSTEM_BLOCK.,"DRAM BITPart of the memory is tested in Boot Sequence 1, and part of the memory is tested during Boot Sequence 2. During Boot Sequence 1, ? KB of DRAM is tested before the Bootstrap is copied to this area. During Boot Sequence 2, the remaining memory is tested in ? KB blocks. The DRAM BIT first writes the address of each word in a block to that word in the block. Then the test flushes the cache and reads back the entire block. If a single-bit error occurs on the read-back, the location is read again. If another single-bit error occurs, the test assumes a hard error and marks the whole block bad. If a multiple-bit error occurs, the whole block is marked bad. If the value read back does not match the address, the whole block is marked bad. This same process is repeated with the ones complement of the address. The Bootstrap stores the results of the DRAM BIT in EEPROM as a series of x consecutive y-bit words. Each bit in a result word represents the result of testing a ? KB block of DRAM. These bits are mapped to DRAM by proceeding from least-significant bit (LSb) to most-significant bit (MSb) as the addresses of the memory blocks increase. A set bit indicates that a block of DRAM has failed. A clear bit indicates that a block of DRAM has passed the test."
ex_000039,trace,trace,trace,The DPU-BOOT CSC shall log detected BIT failures to the SYSTEM_BLOCK.,"Exclude Failed DRAMThe Bootstrap performs a memory test before loading the operating system. The results of this test are stored in the EEPROM. The DPU-RTOS uses the results of the memory test to exclude memory segments with bit errors from the system memory pool. The Bootstrap constructs a bit map which effectively implements a list of failed memory blocks during the bootstrap built-in test. A set of functions have been created to utilize this bit map to exclude failed memory blocks from the VxWorks system memory pool. The system memory pool is used by VxWorks to allocate memory dynamically. In addition, a linked list of good memory segments is created for use by the EDAC Memory Scrubber. These functions are called from the usrInit() and usrRoot() functions in usrConfig.c. The dramInit() function must be called prior to kernelInit() in usrInit(). The dramBuildMemPool() function is called just prior to initialization of filesystems and drivers in usrRoot()."
ex_000044,trace,trace,trace,The Bootstrap Monitor of the DPU-BOOT CSC shall validate commands entered for syntax and number of arguments.,"Bootstrap MonitorThe Bootstrap Monitor checks entered commands for syntax and number of arguments, and displays an error message to the RS-232 interface if an invalid command or argument is entered. A complete listing of these messages is given in document 7384-BSPS-01."
ex_000046,trace,trace,trace,The Bootstrap Monitor of the DPU-BOOT CSC shall output an error message to the RS-232 interface if an incorrect number of command arguments are entered.,"Bootstrap MonitorThe Bootstrap Monitor checks entered commands for syntax and number of arguments, and displays an error message to the RS-232 interface if an invalid command or argument is entered. A complete listing of these messages is given in document 7384-BSPS-01."
ex_000049,trace,trace,trace,"At the end of a download, the Bootstrap Monitor of the DPU-BOOT CSC shall compute a CHKS_32 on the X stored in EEPROM and compare it against the CHKS_32 sent with the X during the transfer. The Bootstrap Monitor shall output to to the RS-232 interface both CHKS_32s and a message indicating whether the download was successful.","Checksum Library This function performs a checksum on a specified memory range. The checksum is performed as an 8-bit additive checksum, but the accumulated value is stored in a 16-bit variable."
ex_000063,trace,trace,trace,The DPU-BOOT CSC shall wait a minimum of C msecs after a write to EEPROM before performing a read from EEPROM.,"Hardware InterfacesThe DPU-BOOTSTRAP must interface directly with the EEPROM on the Company X Communication Module. The DPU-BOOTSTRAP accesses EEPROM as ?-bit words only. The specific timing requirements of the EEPROM are satisfied in one of three ways:* the timing requirements are met by inserting specific wait loops (typical),* the timing requirements are met by use of the EEPROM Driver (DOWNLOAD command), andthe timing requirements are met implicitly by the amount of time which will be required to execute the intervening instructions regardless of the CPU speed setting (DRAM test logic)."
ex_000068,trace,trace,trace,"The DPU-1553 CSC shall address hardware modules as defined in document 1400, Company X Specification for the Company X Communication/Memory Module.","Install Exception Handlers Certain conditions can cause the VxWorks? exception handler to reboot the DPU. These conditions include a Data Storage Interrupt from within an interrupt context, a Multiple-Bit Error (MBE), and a deferred-work queue overrun. Under these circumstances, interrupting devices on the Company X Communication/Memory Module must be stopped prior to jumping back to the Bootstrap. This can be done by installing a hook routine to perform the cleanup in sysHwInit() using the function rebootHookAdd(). However, to avoid the need to cleanup interrupts, an exception handler is installed which forces a watchdog reset, which will effectively clean up the pending interrupt problem. The exception hook saves the contents of the Exception Stack Frame to EEPROM and waits for a watchdog timeout. The following call is added to the usrRoot() function in usrConfig.c:"
ex_000099,trace,trace,trace,"The DPU-CCM shall spawn tasks for DPU-CCM, DPU-DPA, DPU-DCX, DPU-SCUI, and DPU-TMALI at bootup.","Public FunctionsThis routine is spawned by the Command and Control Task to initialize and execute the SCU Interface Data Processor Task. This task initializes the SCUI CSC and then enters an infinite loop to process telemetry and produce STPDUs. Once initialized, the task is awakened by a semaphore given when the SCU writes the telemetry done subaddress."
ex_000102,trace,trace,trace,"The DPU-CCM shall spawn tasks for DPU-CCM, DPU-DPA, DPU-DCX, DPU-SCUI, and DPU-TMALI at bootup.",Public FunctionsThis routine is spawned by the Command and Control Task to initialize and execute the DPA Instrument Y Processing Task.
ex_000113,trace,trace,trace,"The DPU-CCM shall monitor the status of DPU-SCUI, DPU-CCM, DPU-DCX, DPU-TMALI, and DPU-DPA by examining their TASK_INFO and report this information in DPU_HK.","Error Collection and ReportingIn order to insure that error counts are not lost due to rollover, ccmErrEnq(), checks to insure that the count for a given error has not gone above 250 in one high rate housekeeping reporting period. If the error count exceeds 250 for a particular reporting period, ccmErrEnq() will enqueue S_ccm_ERR_REPEAT error with the current error count and will clear its error tracking mechanism."
ex_000118,trace,trace,trace,The DPU-CCM shall record an error to the LAST_BOOT_IVEC location in EEPROM and discontinue strobing the Watchdog Timer should an unrecoverable software error occur. An unrecoverable software error is defined as an error that causes a loss of commandability or ground communication.,"Control and MonitoringEvery time the CCM Control executes, it calls ccmPerProcess() to handle periodic processing responsibilities. Such responsibilities include analog to digital conversion updates, DPU task monitoring, ICU heartbeat message production, and watchdog strobe. The ccmHealthChk() function, called by ccmPerProcess() verifies the execution of other tasks by monitoring the amount of time that has elapsed since each task last reported. Other tasks report their execution to the CCM Control Task by calling the function, ccmTaskReport(), providing their task index. Each task has an expected execution frequency, and if a task does not execute as expected, an error is reported in DPU housekeeping. If the Command Dispatch Task fails to report for an extended period, the DPU will execute a reboot, since it is impossible to command the DPU if this task is not executing, otherwise it will strobe the watchdog"
ex_000129,trace,trace,trace,"The DPU-CCM shall check the length of a received DPU_CMD against an expected value from a lookup table indexed by FUNCTION code. If the received value does not match the expected, then the command will be discarded, and an error will be enqueued.","Error RecoveryExcept for the modification described in Sections 5.2.3.6, no further modifications to the existing task error-handling mechanisms are required. VxWorks? uses a global mechanism for returning status codes when errors occur. This is accomplished by using the task variable, errno (stored in the task control block). Most VxWorks? functions return a STATUS value. This value can either be OK or ERROR. If a function returns ERROR, then the errno variable must indicate a specific error code."
ex_000130,trace,trace,trace,"The DPU-CCM shall, in rejecting a command, report an error in DPU_HK indicating the byte-code of the command being rejected in the LSB of the errno as described in 03691-DPUSDP-01.","Error Collection and ReportingThe ccmErrEnq() function tracks the last error reported and its frequency of occurrence. Once an error code has been reported it becomes the previously reported error code maintained by ccmErrEnq(). A repetition count is then incremented for each subsequent, consecutively reported, identical instance of this previously reported error. If this error code is reported more than once in one high-rate housekeeping reporting period, then a special error, S_ccm_ERR_REPEAT is enqueued with the repetition count for the error encoded in the least significant byte. This mechanism effectively reduces the potential for housekeeping telemetry to become flooded with a single repeated error."
ex_000160,trace,trace,trace,The DPU-TMALI shall place the starting address of the event ring buffer in TMALI_HK.,"DRAM BITPart of the memory is tested in Boot Sequence 1, and part of the memory is tested during Boot Sequence 2. During Boot Sequence 1, ? KB of DRAM is tested before the Bootstrap is copied to this area. During Boot Sequence 2, the remaining memory is tested in ? KB blocks. The DRAM BIT first writes the address of each word in a block to that word in the block. Then the test flushes the cache and reads back the entire block. If a single-bit error occurs on the read-back, the location is read again. If another single-bit error occurs, the test assumes a hard error and marks the whole block bad. If a multiple-bit error occurs, the whole block is marked bad. If the value read back does not match the address, the whole block is marked bad. This same process is repeated with the ones complement of the address. The Bootstrap stores the results of the DRAM BIT in EEPROM as a series of x consecutive y-bit words. Each bit in a result word represents the result of testing a ? KB block of DRAM. These bits are mapped to DRAM by proceeding from least-significant bit (LSb) to most-significant bit (MSb) as the addresses of the memory blocks increase. A set bit indicates that a block of DRAM has failed. A clear bit indicates that a block of DRAM has passed the test."
ex_000174,trace,trace,trace,The DPU-SCUI shall receive command messages in the form of Telecommand Packets from the SCU and make them available to the DPU-CCM.,"Public FunctionsThe routine formats the given data into a CCSDS Telecommand Packet and writes it to the 1553 bus shared memory for transmission to the SCU. If a message is already pending in the 1553 shared memory, the pending messages will be replaced in 1553 shared memory with the new message, and an error will be reported."
ex_000177,trace,trace,trace,The DPU-SCUI shall be capable of receiving a telecommand from the SCU every N ms and forward it to DPU-CCM for processing.,"Command HandlingThe DPU accepts commands via two interfaces from the Spacecraft via the MIL-STD-1553 interface, and from the ICU via the SSI interface. Any of the DPU commands can be sent from the SCU or the ICU. The source for a command from the DPU is one of the following:* ICU command is generated and sent by the ICU via the SSI.* SCU command is generated and sent by the SCU via the 1553.* G-ICU command is generated on the ground and sent to the DPU via the ICU/SSI.* G-SCU command is generated on the ground and sent to the DPU via the SCU/1553."
ex_000181,trace,trace,trace,The DPU-SCUI shall rate-buffer the delivery of STPDUs to the SCU according to the SCU_BUFFER_RATE parameter provided during initialization. The default value shall provide data to the SCU at a rate of X Kbps and shall be capable of being modified dynamically.,"Public FunctionsSets the poll rate and buffer rate to the given values. If the values are out of range, the prior values are retained and an error is reported. The scuiTask() semaphore timeout (scuiTaskTimeout) is automatically adjusted based on the given poll rate, by setting the timeout to approximately the poll rate (not that the timeout is expressed in clock ticks, and so the resolution is low and only approximates of the poll rate)."
ex_000182,trace,trace,trace,"The DPU-SCUI shall be capable of preparing one STPDU for delivery to the SCU every M milliseconds, or shall indicate a No Data condition to the SCU by maintaining an un-incremented ST_PDU Transfer Request Counter field.","Telemetry Output to the Spacecraft 1553 BusThe SCUI CSC reads the Data Packages from the queues and transforms them into CCSDS Version 1 Source Packets. These Source Packets are then packed into the STPDU for transmission to the SCU. This processing is performed by scuiConvertToSTPDU(). The STPDU, prefixed with a Transfer Request Counter (TRC), is then written to fifteen sequential 1553 subaddresses (as described in the Company X 1553 ICD) by the function scuiWrite()."
ex_000186,trace,trace,trace,"The DPU-SCUI shall cancel the write to each subaddress if the SCU fails to read a pending STPDU after a timeout specified by a value calculated based on the SCU_POLL_RATE parameter provided during initialization, shall record new data to those subaddresses, and report an error to the DPU-CCM. The SCU_POLL RATE parameter shall have a default setting of J ms and shall be capable of being modified dynamically.","Public FunctionsSets the poll rate and buffer rate to the given values. If the values are out of range, the prior values are retained and an error is reported. The scuiTask() semaphore timeout (scuiTaskTimeout) is automatically adjusted based on the given poll rate, by setting the timeout to approximately the poll rate (not that the timeout is expressed in clock ticks, and so the resolution is low and only approximates of the poll rate)."
ex_000191,trace,trace,trace,The DPU-SCUI shall communicate with the SCU according to the protocol defined in document 1143-EI-S19121.,"Time SynchronizationThe interface with the spacecraft as described in document 1143-EI-S19121 specifies that the spacecraft will provide a Clock Message to each Instrument at a 1 Hz rate. The Clock Message contains both two values: a value representing the current spacecraft time, and a value representing the delta from the spacecraft time and the Univeral Time (UT), based on an epoch of TBD."
ex_000196,trace,trace,trace,The DPU-TIS shall provide the capability for application programs to access the current UT_DELTA.,"Structural DesignThe TIS CSC provides a library of functions to* initialize the DPU clock hardware at startup,* maintain synchronization of the DPU clock with the Spacecraft clock,* provide a function for use by other applications to retrieve the current values of the DPU clock and the UT Delta, and provide functions for use by the CCM command dispatcher to alter the configuration of the clock interface."
ex_000202,trace,trace,trace,"The DPU-TIS shall provide the capability for an application program to set the value of the SC_TIME register(s) on the SCM and enable the 1PPS clock jam register, if automatic time synchronization is enabled.","Time Interface ConfigurationThe DPU hardware provides two configuration options to the software:* selection of the active A PPS signal, and* the option to manually jam a value into the clock registers without the A PPS signal."
ex_000207,trace,trace,trace,The DPU-TIS shall provide the capability for an application program to select the active 1PPS signal.,"CPU BITThe CPU BIT consists of a series of tests designed to test each of the functional units of the processor. These include test for the Branch-Unit, the Fixed-Point Unit, the Floating-Point Unit, the Interrupt-Unit, and the Timer Unit. Each of these tests consists of executing a few selected instructions from the this functional unit. The General Purpose Registers (GPR), the Segment Registers (SR), the Counter Register (CTR), and the Condition Register are tested for stuck-bits as part of the Branch-Unit test. This is done by writing a 1s pattern (verified by reading it back) and then writing a 0s pattern (verified by reading it back)."
ex_000211,trace,trace,trace,The DPU-TIS shall provide the capability for an application program to select the active 1PPS signal.,"Public FunctionsInitializes the TIS CSC by initializing the hardware register convenience pointers and selecting the commanded 1PPS signal, and enables or disables automatic time synchronization with the S/C according to the passed parameter. THIS FUNCTION ALTERS THE VALUE OF THE DCI CSR AND SHOULD NOT BE INVOKED WHEN DCI INTERRUPTS ARE ACTIVE."
ex_000220,trace,trace,trace,The DPU-ICUI shall provide an API for other CSCs to transmit messages to the ICU.,"Receiving Commands from the ICUThe interface to the ICU is via a synchronous serial interface (SSI) bus, which utilizes an inter-block gap (IBG) to delineate complete messages from one another. The DPU hardware produces an interrupt when it detects an IBG, and the SSI Driver provides a mechanism by which an application can install an interrupt hook routine to respond to an IBG interrupt. Upon initialization, the ICUI CSC installs a hook routine into the SSI Driver called icuiCommandReceiveISR(), which verifies the checksum of an incoming command, transmits an ACK/NAK message to the ICU, and then enqueues the command for later processing by calling ccmCmdEnq()."
ex_000251,trace,trace,trace,"There shall be four engineering modes associated with the detector: raw event list mode, channel boundary mode, centroid confirmation mode, and intensifier characteristics mode.",Public FunctionsThis routine provides a means for the CCM task to send a Mode command from the ICU to the DPA software. The Mode command shall be used to command the DPU into a particular science or engineering event processing mode. The mode shall become effective after the DPU has sent the Mode Ready message to the ICU.
ex_000266,trace,trace,trace,The DPU-DPA shall be capable of providing DPA_HK on request.,"Telescope Module Access Library and Interface CSCThe TMALI CSC includes the following components:* A queue, TMALI_EVENT_QUEUE, implemented using a ring buffer, which contains the detector events which have been received over the data capture interface from the DCI Driver, but which have not yet been retrieved by the DPA CSC;* An API which facilitates the retrieval of detector events from the queue by the DPA CSC. The API consists of the tmaliNextEvent() and tmaliWait() functions.* An set of API functions used by the DPA CSC to configure the DCI interface, including tmaliBitArrangementSet(), tmaliDciFrameDepthGet(), tmaliDciFrameDepthSet(), tmaliDciWindowSet(), tmaliDataTimeoutSet(), and tmaliDataTimeoutGet().* An API housekeeping function, tmaliHkGet(), which gathers CSC housekeeping data at the request of the Command and Control Task.* The task tmaliTask() and an ISR tmaliTransferToQueueISR() work together via a semaphore to synchronize the transfer of data from the DCI to the queueAn error handling ISR, tmaliDciErrorReportedISR(), is installed as a hook routine to the DCI Driver, and is used to keep track of the number of errors reported by the DCI driver."
ex_000302,trace,trace,trace,"The DPU-RTOS shall exclude failed DRAM from the system memory pool based on the contents of the BIT_DRAM results in the SYSTEM_BLOCK. The system memory table does not include the Interrupt Vector Table (IVT), nor the text and data segment.",External Program InterfacesReads the BIT results from the location pointed to by pBitResults (which is assumed to be in EEPROM) into the BIT results data structure in DRAM.
ex_000320,trace,trace,trace,The DPU-ADC shall create a fixed analog conversion scan list containing the A DPU analog values (active values plus one ground reference value).,"InitializationThe driver is initialized by invoking the initialization function adcInit(). The function initializes the ADC_LIST_ENTRY array, sets up convenience pointers to the ADC hardware registers, and sets up the ADC multiplexer for the first conversion (otherwise the very first ADC value requires three calls to adcUpdateNext()). The ADC Driver can be re-initialized, which will result in the values in the ADC_LIST_ENTRY array being reset to their default values.The ADC_VALUEs are A-bit data items; however the hardware contains a B-bit A/D. The upper bits are used to indicate invalid or suspect values as follows:* At initialization, the MSbit of each of the ADC_VALUEs is set (0x8000).* If a conversion fails (i.e. the driver reads the analog value and determines that the conversion has not yet completed), the second MSbit."
ex_000332,trace,trace,trace,The DPU-DCI shall provide an application program with the ability to read and write the hardware ping-pong buffers when in Test Mode.,"Standard I/O InterfaceThe write primitive does not block. The buffer passed to write is written directly to the active portion of the ping pong buffer by the driver. This primitive is valid only in TEST mode. The write call will set errno to S_dci_MODE_ERROR and return ERROR if the driver is in NORMAL mode. In TEST mode, the driver returns the number of bytes written."
ex_000334,trace,trace,trace,"The DPU-DCI shall provide the capability for an application program to set a timeout in milliseconds that specifies a period during which no new events have been received by the hardware, after which the hardware will swap ping-pong buffers and interrupt the software.","Setting Data Timeout in DCIDuring nominal operation, frames arrive approximately every 11 msecs. The DCI hardware will generate an interrupt if event data has been received in one of the Ping-Pong buffers, and a configurable amount of time has passed during which no additional events have been received. A data timeout interrupt is not an error, but rather typically indicates that the current exposure has been completed. The data timeout interrupt allows the TMALI CSC to retrieve the trailing events from the DCI Ping-Pong buffer. The function tmaliDciTimeoutSet() provides an API to the DCI Driver to allow the timeout setting to be altered."
ex_000335,trace,trace,trace,"The DPU-DCI shall provide the capability for an application program to set a timeout in milliseconds that specifies a period during which no new events have been received by the hardware, after which the hardware will swap ping-pong buffers and interrupt the software.","Public FunctionsThis routine provides a means to set the data timeout used by the DCI, the value requested indicates the timeout in milliseconds. The initial value for the frame depth setting is determined by the parameter provided when starting the tmaliTask. The maximum value to which the timeout can be commanded is X seconds, an attempt to set the timeout to a number larger than this maximum will result in setting the timeout to the default value of X milliseconds"
ex_000348,trace,trace,trace,"The DPU-DCI shall read from the DCI Memory in B-bit words only, using the load multiple/store multiple instructions.","Standard I/O InterfaceThe read() primitive does not block. The read() primitive is implemented by simply passing its parameters to the tyLib function tyRead().The size of the Rx ring buffer is specified in the call to ssiDevCreate() as part of the device instantiation.This routine returns either the number of bytes read, or ERROR."
ex_000358,trace,trace,trace,The DPU-DCI shall provide the capability for an application program to reset the DCI by writing to the DCI Reset Register.,"Startup SequenceThe DPU FSW is booted using PROM-resident bootstrap software. The bootstrap software performs a basic set of built-in tests, then copies the DPU FSW from EEPROM to DRAM and executes it. In flight, there are two methods which can trigger the DPU FSW to boot:* power-on (cold boot), or* watchdog reset (warm boot, commanded reboot)."
ex_000373,trace,trace,trace,Each software process shall trap and properly process all exceptions that may produce an abnormal terminationand report all such events using the SDPTK error message functions.,Shall write Read_packet_log_msgs to Log_messages when errors occur in the Read_MODIS_packet process.
ex_000382,trace,trace,trace,Each software process shall perform quality checks on the input and output data and report on the degree to which the product conforms to instrument specification or science data accuracy specifications.,Shall incorporate level1a_scan_flags into scan_quality flags.
ex_000386,trace,trace,trace,Create a new task which typically has a start date and an end date. Tasks are activities that one or more persons resources are expected to complete in the specified time frame.,To create a new task an object of TaskManager class is passed to the class constructor. The TaskManager in its turn takes care of a resource allocation using ResourceAssignmentCollection class.
ex_000397,trace,trace,trace,"Add/Remove Tasks as Subtasks;A task can be made a subtask of another. For example, task 1.1 is a subtask of task 1.",The manager of task hierarchy provides a method to move a task node to a specific position.
ex_000402,trace,trace,trace,"Handle Milestones; A milestone is a special task. Whereas a task typically has a timeframe specified (the time needed to complete the task), a milestone is typically an event. For example, the release date of a software is an event rather than a timeframe.",User interface should be able to provide an ability to specify whether a specific task in a milestone.
ex_000432,trace,trace,trace,Change Task Begin/End Times automatically with dependency changes;The start or end date should be changed automatically if links among tasks are changed,A class is used to represent the constraint that the start date of the dependee task should not be earlier than the end date of the dependent task.
ex_000447,trace,trace,trace,Add/Remove Holidays and Vacation Days;Holidays and vacation days are properties of persons (resources). changing this information also changes the availability of a person on certain days.,The human resource class contains the variable holidays. The class provides functions to change and to get holidays. There can be multiple holidays.
ex_000449,trace,trace,trace,Add/Remove Holidays and Vacation Days;Holidays and vacation days are properties of persons (resources). changing this information also changes the availability of a person on certain days.,The human resource class provides a function to change the availability of the person based on holidays.
ex_000454,trace,trace,trace,"The core functionality of WARC Tools, specifically the WARC writer/reader, shall be implemented as a comprehensive, standalone, general purpose software library - libwarc.","A set of command line tools and an API incorporating libwarc shall enable the collection of online documents, such as html and embedded files, etc., and write them to valid WARC- records."
ex_000455,trace,trace,trace,WARC v0.17 shall be the baseline version of the WARC standard used in this project.,Libwarc shall be implemented to WARC v0.17.
ex_000462,trace,trace,trace,"WARC Tools shall be highly portable, running on a range of Linux/Unix platforms and XP as a minimum, together with man pages, build and installation guides, developer guides, etc.","Libwarc shall compile and run under Solaris, AIX, MingW or other Unix compliant system and may compile and run under Windows XP."
ex_000478,trace,trace,trace,The code and documentation shall be licensed using an open source license.,"The code and documentation of libwarc shall be licensed to the community using an IIPC approved license, such as Apache 2.0 or BSD licence"
ex_000483,trace,trace,trace,Library functionality shall have APIs and dynamic language bindings to be made available as software libraries for developers.,"Python scripts shall be implemented incorporating libwarc, and making all of the functionality of libwarc and API available in Python."
ex_000487,trace,trace,trace,"Web server plug-ins shall conform to the Apache 'mod' API and shall operate correctly with both Apache and Lighttp servers and shall be compatible with appropriate web sever programming standards, such as WSGI in Python and the Servlet API in Java.",Libwarc shall be incorporated within an Apache module to enable all actions specified in SRS 34-36 to be executed within Apache.
ex_000489,trace,trace,trace,"The deliverables shall be made available in source code, named as ""libwarc-version.tar.gz"", where version is the version of the library. A number of binary distributions may be made, including RPM, DEB and EXE.","Libwarc source code shall be released in the following archives: ""libwarc-version.tar.gz"", ""libwarc-version.tar.bz2"", ""libwarc-version.zip"" together with their corresponding digests. Developers may then adapt the build configuration files for best performance on their target machines."
ex_000491,trace,trace,trace,"The deliverables shall be made available in source code, named as ""libwarc-version.tar.gz"", where version is the version of the library. A number of binary distributions may be made, including RPM, DEB and EXE.","Libwarc shall be made available as a binary for at least GNU/Linux, FreeBSD, Mac OS X and Windows XP."
ex_000494,trace,trace,trace,The final WARC API shall be coded in C with minimum dependencies or external libraries (e.g. GZIP). It must not include any assembly code.,"To ensure code portability on older computer architectures, Libwarc shall be compatible with any compiler conforming to the ANSI-C standard C89 revision."
ex_000498,trace,trace,trace,An interface implementation may be made for Python to allow the library to be used natively by Python programmers requiring no knowledge of the internal implementation of libwarc or C.,"Python scripts shall be implemented incorporating libwarc, and making all of the functionality of libwarc and API available in Python."
ex_000509,trace,trace,trace,"The functionality of the library shall be exposed in such a way as to fit the metaphors and paradigms of the specific implementation languages (C, Java, Python).",An independent Java implementation of libwarc may be implemented subject to review of deliverables satisfying SRS 61
ex_000525,trace,trace,trace,"For each type of WARC-record, a set of functions shall be made available to create/modify the records properties.",Each WARC-record shall be accessible via a peer C class of the same name.
ex_000548,trace,trace,trace,Dynamic memory management shall be hidden inside libwarc,Libwarc shall encapsulate and handle all memory management when processing WARCrecords.
ex_000557,trace,trace,trace,"Libwarc shall provide a plug-in interface to enable use of alternative compression libraries, such as ""gzip2"", ""7zip"", etc.",It shall not be possible to use more than one compression schema (including noncompression) within a single WARC file. (i.e. it is not possible to mix compression schemes within a single WARC file).
ex_000573,trace,trace,trace,It shall be possible to walk a curl directory and write the data to WARC files,"A set of command line tools incorporating libwarc shall perform migration of ""curl"" archives to WARC-records."
ex_000575,trace,trace,trace,A Python script shall be made available to enable rapid development of WARC based solutions,"Python scripts shall be implemented incorporating libwarc, and making all of the functionality of libwarc and API available in Python."
ex_000577,trace,trace,trace,"WARC extensions help content will be provided each of the commands ""curl"", ""wget"", and ""httrack""","Helper documentation for libwarc functionality shall be made available within the ""HTTrack"", ""wget"" and ""curl"" commands."
ex_000580,trace,trace,trace,"It shall be possible to identify and validate WARC files using ""Jhove""",WarcMdoule and WarcHandler plugin modules shall be implemented for Jhove Plugin layer to enable identification and validation of WARC files.
ex_000591,trace,trace,trace,Fluid Subsystem: Drug Reservoir The drug reservoir holds liquid drug until infused,reservoir contents. The drug reservoir shall measure its contents
ex_000601,trace,trace,trace,Fluid Subsystem: Pump The pump moves fluid at specified rate primes itself announces if priming fails indicates when it's too hot and halts pumping when commanded,pump drug. The mechanical pump shall pump drug at precribed flow rates for basal bolus and KVO infusion when commanded
ex_000606,trace,trace,trace,Fluid Subsystem: Pump The pump moves fluid at specified rate primes itself announces if priming fails indicates when it's too hot and halts pumping when commanded,occlusion alarm. When an occlusion alarm occurs the pump shall be stopped immediately without completing the current pump stroke
ex_000607,trace,trace,trace,Fluid Subsystem: Pump The pump moves fluid at specified rate primes itself announces if priming fails indicates when it's too hot and halts pumping when commanded,reverse flow. The mechanical pump shall not allow reverse flow from the patient into the pump
ex_000608,trace,trace,trace,Functional Safety Architecture The functional safety architecture separates operation from error/fault detection with a few exceptions. This allows safety requirements to be more easily achieved and verified. Components comprising the functional safety architecture are: Upstream Monitor Downstream Monitor Pump Fault Manager Alarm Thread Error Detector Fault Logger Failure LED Power Control,safety architecture. The PCA pump shall implement a safety architecture that separates normal operation from fault detection and response
ex_000622,trace,trace,trace,Operation Subsystem: Operation Thread The operation thread performs primary pump operation control,prescription retention. The patient's prescription shall be retained for at least ?data= 96 hours after the PCA pump is turned-off and unplugged
ex_000662,trace,trace,trace,The system shall allow document types to inherit authorizations from a higher level when using classes to assign roles,The system shall provide the ability to create and assign tasks by user or user role
ex_000678,trace,trace,trace,The system shall capture history of received immunizations,The system shall provide the ability to display CCD documents
ex_000689,trace,trace,trace,The system shall improve accessibility of online clinical information and results,The HIE shall support the ability of consumers to request and receive access and disclosure reports which identify HIE users who have viewed
ex_000709,trace,trace,trace,The system shall include the ability to print prescriptions for signature and fax prescriptions to a local pharmacy with an electronic signature,The system shall provide the ability to print and electronically fax prescriptions
ex_000712,trace,trace,trace,The system shall include the ability to print prescriptions for signature and fax prescriptions to a local pharmacy with an electronic signature,The system shall provide the ability to send an electronic prescription to pharmacy
ex_000717,trace,trace,trace,The system shall include the ability to print prescriptions for signature and fax prescriptions to a local pharmacy with an electronic signature,The HIE SHALL have the ability to Respond to a request for a prescription change from a pharmacy using NCPDP Script 8.1 (RXCHG
ex_000719,trace,trace,trace,The system shall indicate problems with inactive codes have the ?#? symbol in the status column,The system shall provide for the ability to identify patients by status e.g. active
ex_000751,trace,trace,trace,The system will provide the ability to register patients of all types,The system shall provide the ability to send data to register a patient in a clinical trial
ex_000757,no_trace,trace,trace,The system shall allow users who hold any of the ORES/ORELSE/PROVIDER keys to be viewed as a clinical user and has full access privileges to all problem list options,Shall generate data_input_status_messages and set scan_quality_flags if corrupted data values are detected.
ex_000769,no_trace,trace,trace,Libwarc shall be memory safe and manage dynamic memory internally,"Control and Monitoringthe CCM Control Task initializes the DPU FSW. It is the responsibility of the CCM Control Task to establish a successful boot. It does so by blocking on temporary semaphores, each with a 5 second timeout, after spawning the SCU Interface Task and the CCM Command Task. If both of these tasks report a successful initialization by giving the semaphore, the CCM Control Task toggles the BC_INDEX parameter in EEPROM to indicate a successful boot. If either task does not report a successful initialization, the CCM Control Task disables the watchdog strobe to effect a reboot of the DPU. The rationale for selecting the successful initialization of these two tasks as the definition of a successful boot is that the DPU FSW requires these tasks, as a minimum, to establish ground contact and provide commandability.Once this initialization is complete, the task blocks on a binary semaphore which is given by the SCUI Command ISR upon arrival of the 1 Hz Clock Message. In the event a Clock Message does not arrive, the semaphore will time out after 1.5 seconds. The CCM Control Task remains alive to create and transmit DPU housekeeping at the appropriate intervals, perform various periodic processing tasks, and to process memory dump commands.The final call to ccmErrEnq() is performed in order that if an error occurs in an interrupt service routine, a global variable is set to the value of the errno which is then enqueued into the Error/Event Queue as part of this tasks normal processing."
ex_000787,no_trace,trace,trace,The DPU-BOOT CSC shall initialize Error Detection and Correction (EDAC) on the RSC by clearing DRAM.,A command line tool shall be implemented utilising libwarc to check the consistency of WARC-records and their conformance to the WARC ISO standard.
ex_000790,no_trace,trace,trace,The DPU-TIS shall provide the capability for application programs to access the current UT_DELTA.,The system shall provide the ability to send an order for a laboratory test
ex_000795,no_trace,trace,trace,WARC Browser shall support a rewriting interface,Hardware InterfacesThe DCI Driver CSC accesses each of the registers on the Company X Communications module using D16 VME access mode. Reads from DCI memory are performed in VME D32 mode via a special assembly language routine which uses the lwm/stm instructions to minimize the transfer time.
ex_000802,no_trace,trace,trace,The DPU-TIS shall report errors to an application program by setting the ERRNO task variable and returning ERROR.,The system shall provide the ability to identify the identity of the cosigning author of a note and record the date and time of original author and identity of signature
ex_000818,no_trace,trace,trace.,The DPU-SSI shall read from the SSI registers in 16-bit words only.,alarm pump rate. Priority for alarms and warnings is shown in Table 4
ex_000827,no_trace,trace,trace,The DPU compression software shall forward compressed data to DPU-SCUI.,"To delete a task from the Calendar the GanttProject class call delete method and supplied TaskId paramenter. The adjustment of allocated resources and links to other tasks takes place through interfacing with the following classes DefaultMutableTreeNode, GanttTreeTableNode, TaskNode, and AdjustTaskBoundsAlgorithm."
ex_000830,no_trace,trace,trace,"The DPU-RTOS shall be a real-time, multi-tasking operating system.",The system shall provide end-users with the ability to browse or search for a drug by therapeutic class when ordering a medication
ex_000838,no_trace,trace,trace,"The DPU-BOOT CSC shall include a CPU BIT consisting of a branch test, a fixed point test, a floating point test, an interrupt test, a timer test, and a register test.","A command line tool ""arc2warc"" incorporating libwarc shall be able to migrate data in ARC-records to WARC-record format."
ex_000845,no_trace,trace,trace,Patches implemented for third party projects shall be contributed and distributed to the appropriate community.,"Libwarc shall be made available as a binary for at least GNU/Linux, FreeBSD, Mac OS X and Windows XP."
ex_000848,no_trace,trace,trace,Libwarc shall provide a range of functions through a universal interface for reading a range of valid WARC-records,"Public FunctionsThis routine is spawned by the Command and Control Task to initialize and execute the SCU Interface Data Processor Task. This task initializes the SCUI CSC and then enters an infinite loop to process telemetry and produce STPDUs. Once initialized, the task is awakened by a semaphore given when the SCU writes the telemetry done subaddress."
ex_000887,no_trace,trace,trace,The DPU-DCI shall report errors to an application program by setting the ERRNO task variable and returning ERROR.,The system shall provide the ability to query for a patient by more than one form of identification
ex_000890,no_trace,trace,trace,"The DPU-RTOS shall be a real-time, multi-tasking operating system.",An independent Java implementation of libwarc may be implemented subject to review of deliverables satisfying SRS 61
ex_000899,no_trace,trace,trace,"It shall be possible to identify and validate WARC files using ""Jhove""","Time Synchronization CSCThe Time Synchronization (TIS) CSC is a new component which provides services to maintain time synchronization between the DPU and the spacecraft, and which provides an API for retrieval of the current system time."
ex_000911,no_trace,trace,trace,A Jhove plugin module and an output handler shall be made available for WARC files,"Standard I/O InterfaceThe write primitive does not block. The buffer passed to write is written directly to the active portion of the ping pong buffer by the driver. This primitive is valid only in TEST mode. The write call will set errno to S_dci_MODE_ERROR and return ERROR if the driver is in NORMAL mode. In TEST mode, the driver returns the number of bytes written."
ex_000912,no_trace,trace,trace,The DPU-BOOT CSC shall wait a minimum of C msecs after a write to EEPROM before performing a read from EEPROM.,A collection of resource assignments is used to manage the relationships between multiple human resources and a task. It contains multiple objects of the human resource assignment class. The collection provides functions to add and remove human resource assignments.
ex_000921,no_trace,trace,trace,The system shall provide a way to limit the users or sites that have access to remote retrievable data,Shall write Read_packet_log_msgs to Log_messages when errors occur in the Read_MODIS_packet process.
ex_000924,no_trace,trace,trace,The DPU-SCUI shall notify the SCU of new data by using the Transfer Request Counter in accordance with interface control document 1143-EI-S19121.,"Command and Control CSCThe Command and Control (CCM) CSC is a Level 2 reuse component from the INSTRUMENT Y project. The Command and Control CSC includes the following components:* A Control Task, ccmCtrlTask(), which initializes the DPU FSW and spawns other tasks at bootup, schedules the production of DPU housekeeping data packets, monitors the execution of other tasks, and schedules the execution of other periodic tasks such as the heartbeat message and the watchdog strobe; and* A Command Dispatch Task, ccmCmdTask(), which receives and dispatches real-time commands received from the SCU or the ICU.Major data structures include:* A Static Data table that keeps track of the operational state. Data included in this table includes housekeeping production rates, CCM specific flags, and the number of commands executed.* A Command Queue into which commands are placed when they arrive, via interrupt, from the ICU or the SCU.* An Error/Event Queue which accumulates error and event codes which are reported by the DPU FSW. These error and event codes are removed from the queue and placed into a telemetry packet at a given interval and included in DPU housekeeping data.DPUSDS5.12.1.1.1Flight Software InitializationThe Command and Control CSC is initialized by spawning the CCM Control Task, ccmCtrlTask(), from the operating system startup task, usrRoot(). After the task is spawned it calls a function, ccmInit(), which creates the error/event queue, instantiates needed semaphores and installs various ISRs. Finally, it spawns the remaining tasks which comprise the DPU FSW. When the CCM Control Task starts up, it reads DPU configuration startup defaults from the SYSTEM_CONFIG_AREA in EEPROM. If the SYSTEM_CONFIG_AREA checksum is bad, hard-coded defaults are used. The CCM Control Task initializes the remaining CSCs by calling the applicable initialization function, or if the CSC has an associated task, by spawning the task using the VxWorks function, taskSpawn(). When the CCM Control Task initializes a CSC, it passes the startup defaults read from EEPROM as parameters to the task initialization function. In addition to its task initialization activities, ccmInit(), also initializes the command length verification table by calling ccmCmdLengthInit(). The command processor uses the created table to verify expected command lengths for newly received commands."
ex_000927,no_trace,trace,trace,"The DPU-BOOT CSC shall include a CPU BIT consisting of a branch test, a fixed point test, a floating point test, an interrupt test, a timer test, and a register test.","InitializationThe driver is initialized by invoking the initialization function adcInit(). The function initializes the ADC_LIST_ENTRY array, sets up convenience pointers to the ADC hardware registers, and sets up the ADC multiplexer for the first conversion (otherwise the very first ADC value requires three calls to adcUpdateNext()). The ADC Driver can be re-initialized, which will result in the values in the ADC_LIST_ENTRY array being reset to their default values.The ADC_VALUEs are A-bit data items; however the hardware contains a B-bit A/D. The upper bits are used to indicate invalid or suspect values as follows:* At initialization, the MSbit of each of the ADC_VALUEs is set (0x8000).* If a conversion fails (i.e. the driver reads the analog value and determines that the conversion has not yet completed), the second MSbit."
ex_000936,no_trace,trace,trace,"Image mode shall have the ability to produce a Parameterized Finding Chart, PROD_FINDING_CHART, of the image if commanded, using the algorithm described in Appendix C. The Parameterized Finding Chart shall consist of the brightest sources. Each source shall be parameterized by its position [X,Y] and Intensity/brightness.",The system shall provide the ability to order diagnostic tests
ex_000938,no_trace,trace,trace,"The DPU-ICUI shall format messages according to DPUICD-01, Section 3.1",The system shall provide the ability to log outgoing information exchange in an auditable form
ex_000952,no_trace,trace,trace,The DPU compression software shall report errors to the DPU-CCM for inclusion in the DPU Housekeeping information.,Shall issue Program_stop if MODIS_packets cannot be read from Level0_data file.
ex_000953,no_trace,trace,trace,The system shall provide a way for user to quickly click on the specifications that he or she wants for each order placed,The class of dependency collection provides a function to check if the new dependency will cause a loop each time a object of dependency class is created. The function returns an exception if there is a loop.
ex_000982,no_trace,trace,trace,Libwarc shall be memory safe and manage dynamic memory internally,basal under-infusion warning. If delivered basal flow rate is less than the prescribed basal rate setting by more than its allowed tolerance over a period of more than 5 minutes or immediately if the flow stops the pump shall issue a basal under-infusion warning. (EC3.2.8)
ex_001005,no_trace,trace,trace,The system shall update diagnostic and procedure codes used for billing purposes so codes are applicable at the time the service was provided,GUI needs to provide ability to assign task to persons.
ex_001025,no_trace,trace,trace,"The deliverables shall be made available in source code, named as ""libwarc-version.tar.gz"", where version is the version of the library. A number of binary distributions may be made, including RPM, DEB and EXE.","Libwarc shall be shipped with installation guides for Fedora, Debian, FreeBSD, Mac OS X 10.5 and Windows XP."
ex_001041,no_trace,trace,trace,"When observing a new GRB, and the XRT_POS becomes available from the ICU, the DPU-DPA shall shift and resize the image and event windows appropriately.",GUI needs to provide ability to show utilization of a person.
ex_001059,no_trace,trace,trace,The system shall stored the names of users who view remote data in the remote site's database,"Channel Boundary (CB) Engineering ModeThe purpose of Channel Boundary Mode is to derive the optimum channel boundary settings from a flat field. Detector events produced in the M,N detector mode are collected and histogrammed for a commanded integration time. The pseudo Instrument Y is transmitted to the ground. Channel boundaries are derived from the Instrument Y and transmitted to the ICU and the ground. Channel boundaries are sent by the ICU to the BPE and used in the detector event centroiding process."
ex_001065,no_trace,trace,trace,The DPU-RTOS shall provide the capability to invoke user-installed Interrupt Service Routines (ISRs) in response to internal and external (VME) interrupts.,"Bootstrap MonitorThe Bootstrap Monitor checks entered commands for syntax and number of arguments, and displays an error message to the RS-232 interface if an invalid command or argument is entered. A complete listing of these messages is given in document 7384-BSPS-01."
ex_001110,no_trace,trace,trace,The DPU compression software shall report errors to the DPU-CCM for inclusion in the DPU Housekeeping information.,basal over-infusion alarm. IF delivered basal flow rate exceeds the prescribed basal rate setting by more than its allowered tolerance over a period of more than 5 minutes or immediately if the pump goes into free flow the pump shall issue a basal-overinfusion alarm. (EC3.2.7)
ex_001128,no_trace,trace,trace,The DPU-SCUI shall be capable of receiving a telecommand from the SCU every N ms and forward it to DPU-CCM for processing.,GUI should able to provide ability to change task name.
ex_001177,no_trace,trace,trace,The DPU-ADC shall read from the SCM registers in B-bit words only.,"Setting Frame Depth in DCIThe optimum frame depth will be determined with benchmark testing. The default frame depth is 10 frames. Given the above data, it will take approximately 24 msec to read 10 maximum-sized frames at the maximum data transfer rate."
ex_001205,no_trace,trace,trace,Power Subsystem:Power Control Switches between battery-backup and mains supply and detects anomalies like voltage out-of-range,Shall generate data_input_status_messages and set scan_quality_flags if corrupted data values are detected.
ex_001207,no_trace,trace,trace,"The DPU-BOOT CSC shall create a record of failed DRAM blocks, BIT_DRAM, in the SYSTEM_BLOCK.",The system shall provide the ability to audit the date/time and user of each instance when a patient chart is printed by the system
ex_001216,no_trace,trace,trace,"The deliverables shall be ported to the following platforms: Linux, FreeBSD, Mac OS X 10.5 and Windows.",The system shall provide the ability to individualize alerts to address a patient's specific clinical situation
ex_001231,no_trace,trace,trace,Each Software process shall handle input data sets with the following error attributes: Corrupted data as indicated by Quality Assurance (QA) flags also located within the file.,"Telemetry Output to the Spacecraft 1553 BusThe SCUI CSC reads the Data Packages from the queues and transforms them into CCSDS Version 1 Source Packets. These Source Packets are then packed into the STPDU for transmission to the SCU. This processing is performed by scuiConvertToSTPDU(). The STPDU, prefixed with a Transfer Request Counter (TRC), is then written to fifteen sequential 1553 subaddresses (as described in the Company X 1553 ICD) by the function scuiWrite()."
ex_001242,no_trace,trace,trace,The DPU-SSI shall provide the capability for an application program to enable/disable the VME Slave Interrupt on the SCM for the SSI Interface.,reverse flow. The mechanical pump shall not allow reverse flow from the patient into the pump
ex_001252,no_trace,trace,trace,The DPU-DCI shall report errors to an application program by setting the ERRNO task variable and returning ERROR.,basal over-infusion alarm. IF delivered basal flow rate exceeds the prescribed basal rate setting by more than its allowered tolerance over a period of more than 5 minutes or immediately if the pump goes into free flow the pump shall issue a basal-overinfusion alarm. (EC3.2.7)
ex_001261,no_trace,trace,trace,Create Resources (person);GanttProject supports Persons as resources. Persons have names and holidays or vacation days. Persons can be assigned to work on tasks.,The system shall provide the ability to access reports outside the EHR application
ex_001268,no_trace,trace,trace,Dynamic memory management shall be hidden inside libwarc,Libwarc shall provide a WARC-record-type iterator
ex_001273,no_trace,trace,trace,"The DPU-TIS shall provide the capability for an application program to set the value of the SC_TIME register(s) on the SCM and enable the 1PPS clock jam register, if automatic time synchronization is enabled.",The class for holidays provides functions to get the start date and the finish date. The class also provides function to check if a special date is in holiday.
ex_001274,no_trace,trace,trace,"The Intensifier Characteristics Engineering mode shall produce a pulse-height histogram, PROD_INTENSE_CHAR.","Sending Messages to the ICUSome special processing and checking is required in this function to handle the transmission of the ACK/NAK message. When a command arrives from the ICU, the icuiCmdReceiveISR() will verify the message checksum and then send an ACK/NAK message to the ICU. It is possible that an application is in the midst of sending a message to the ICU at the time a command interrupt occurs. However, since it is not possible for an ISR to take a semaphore, an additional mechanism is required in order to provide mutual exclusion between a task an the ISR. To accommodate this problem, the icuiEnq() function first determines whether it is being invoked from interrupt context. If so, it then tests the value of a static variable, icuiEnqBusy. If the variable is set, the function will save the given ACK/NAK message parameters in static variables and return. If the variable is not set, the function will continue as normal (avoiding the semTake() and semGive() calls). In normal execution, the icuiEnqBusy variable is set on entry and negated on exit, after which the static variables containing the ACK/NAK message parameters will be checked to determine whether an ACK/NAK is pending."
ex_001280,no_trace,trace,trace,The DPU-BOOT CSC shall log detected BIT failures to the SYSTEM_BLOCK.,"A collection of dependency class is used to manage dependencies. It contains objects of dependency classes and provides functions to create, delete, and get dependencies."
ex_001281,no_trace,trace,trace,"The DPU-TMALI shall utilize SCM_DCI_SR, along with ERRNO provided by DPU-DCI to decode errors and place them on an error queue for DPU-CCM.",Hardware InterfacesThe DCI Driver CSC accesses each of the registers on the Company X Communications module using D16 VME access mode. Reads from DCI memory are performed in VME D32 mode via a special assembly language routine which uses the lwm/stm instructions to minimize the transfer time.
ex_001284,no_trace,trace,trace,"The DPU-BOOT CSC shall include a CPU BIT consisting of a branch test, a fixed point test, a floating point test, an interrupt test, a timer test, and a register test.",The system shall provide the ability to identify pharmacies that can receive prescriptions electronically
ex_001287,no_trace,trace,trace,The DPU-CCM shall forward CLK_MSGs to the DPU-TIS for processing immediately upon receipt (I.e. shall not enqueue the message to the command dispatcher queue).,"Public FunctionsThis routine provides a means for the CCM task to send the Stop Mode command from the ICU to the DPA software. The Stop Mode command shall be used to command the DPU to immediately stop processing events, complete the current data product, purge events from the DPU hardware, and enter Idle Mode. The data product will include the actual exposure time and the number of frames. In response to this command, the DPU shall issue a Mode Complete command to the ICU after finishing the before-mentioned tasks."
ex_001294,no_trace,trace,trace,The system shall allow other VistA applications to access the user class file to determine the role of an employee,"Every time Start/End time for a task changes, the start/end time of one or more its subtasks need to change as well."
ex_001296,no_trace,trace,trace,Add/Remove Holidays and Vacation Days;Holidays and vacation days are properties of persons (resources). changing this information also changes the availability of a person on certain days.,basal infusion flow tolerance. The pump shall deliver basal infusion at the prescribed basal rate within a basal infusion flow tolerance of Fbasal tol = 0.5 ml/hr of the prescribed basal rate
ex_001306,no_trace,no_trace,no_trace,The DPU-TMALI shall allocate a ring buffer of size specified by TMALI_BUFFER_SIZE provided during initialization for storing incoming frames of data. The default buffer size shall be 15 MB.,Shall generate data_input_status_messages and set scan_quality_flags if corrupted data values are detected.
ex_001318,no_trace,trace,trace,The DPU-CCM shall quietly discard any unrecognized observatory messages (I.e. messages which do not have a DPU command APID).,Error Detection and Correction CSCThe Error Detection and Correction (EDAC) CSC is a Level 1 reuse component from the SSFF and INSTRUMENT Y projects. The EDAC CSC consists of a set of Interrupt Service Routines (ISRs) and a Memory Scrubber Task. The design of the INSTRUMENT Y EDAC CSC is described in document CIDPSDS-01.The only design change was to add logic to check for excessive external (SCM) EDAC interrupts.
ex_001345,no_trace,trace,trace,WARC v0.17 shall be the baseline version of the WARC standard used in this project.,SCU Interface CSCThe SCU Interface (SCUI) CSC is a Level 3 reuse component from the INSTRUMENT Y project. The SCUI CSC is primarily responsible for implementing the application protocol with the SCU. The SCUI CSC provides CCSDS packetization services and manages the interface between the DPU and the SCU.
ex_001350,no_trace,trace,trace,The system will abort when the user tries to login if tabs are not assigned to the user in their NEW PERSON file or if the RESTRICT PATIENT SELECTION prompt does not contain a Yes or No,patient-requested bolus. A patient-requested bolus shall be delivered at its prescribed rate Fbolus in addition to the prescribed basal flow rate Fbasal but no more than the maximim flow rate for the pump Fmax
ex_001352,no_trace,trace,trace,The DPU-BOOT CSC shall attempt to complete its normal execution sequence following detection of any failure.,minimum KVO flow rate. The pump shall maintain a minimum KVO flow rate of FKVO = 1/ml at all times during infusion even during alarms unless the alarm also stops flow. Table 4 defines which alarms also stop drug flow completely
ex_001361,no_trace,trace,trace,"The C library will be developed in such a way as to allow it to be used with the Simplified Wrapper and Interface Generator, or SWIG, (www.swig.org) in order to wrap the C code and allow it to be called natively in a wide variety of languages.","Install Project-Specific Module Error IdentifiersIn order to provide a mechanism by which error numbers can be unique across device drivers and applications, each error number must contain a unique module identifier in the most significant word of the error number. These module identifiers are defined in a VxWorks header file."
ex_001376,no_trace,trace,trace,"The DPU-RTOS shall exclude failed DRAM from the system memory pool based on the contents of the BIT_DRAM results in the SYSTEM_BLOCK. The system memory table does not include the Interrupt Vector Table (IVT), nor the text and data segment.","types of external (VME) interruptsThe DPU has five types of external (VME) interrupts:* MIL-STD-1553 Interface Interrupts,* DCI Interface Interrupts,* SSI Interface Interrupts,* Memory EDAC Interrupt, and* Ethernet Interrupt (ground use only)."
ex_001415,no_trace,trace,trace,The DPU-TIS shall provide the capability for application programs to access the current UT_DELTA.,"Time Synchronization CSCThe Time Synchronization (TIS) CSC is a new component which provides services to maintain time synchronization between the DPU and the spacecraft, and which provides an API for retrieval of the current system time."
ex_001420,no_trace,trace,trace,The DPU-DPA shall be capable of collecting detector events over the full FOV.,"DRAM BITPart of the memory is tested in Boot Sequence 1, and part of the memory is tested during Boot Sequence 2. During Boot Sequence 1, ? KB of DRAM is tested before the Bootstrap is copied to this area. During Boot Sequence 2, the remaining memory is tested in ? KB blocks. The DRAM BIT first writes the address of each word in a block to that word in the block. Then the test flushes the cache and reads back the entire block. If a single-bit error occurs on the read-back, the location is read again. If another single-bit error occurs, the test assumes a hard error and marks the whole block bad. If a multiple-bit error occurs, the whole block is marked bad. If the value read back does not match the address, the whole block is marked bad. This same process is repeated with the ones complement of the address. The Bootstrap stores the results of the DRAM BIT in EEPROM as a series of x consecutive y-bit words. Each bit in a result word represents the result of testing a ? KB block of DRAM. These bits are mapped to DRAM by proceeding from least-significant bit (LSb) to most-significant bit (MSb) as the addresses of the memory blocks increase. A set bit indicates that a block of DRAM has failed. A clear bit indicates that a block of DRAM has passed the test."
ex_001460,no_trace,trace,trace,The DPU-ICUI shall use DPU-SSI to communicate with the SSI Interface.,Setting DCI Bit ArrangementThe bit arrangement of the DCI control/status register can be set via tmaliBitArrangementSet().
ex_001462,no_trace,trace,trace,Functional Safety Architecture The functional safety architecture separates operation from error/fault detection with a few exceptions. This allows safety requirements to be more easily achieved and verified. Components comprising the functional safety architecture are: Upstream Monitor Downstream Monitor Pump Fault Manager Alarm Thread Error Detector Fault Logger Failure LED Power Control,Milestone is a task with no duration. It has only time point of occurrence.
ex_001482,no_trace,trace,trace,"The C library will be developed in such a way as to allow it to be used with the Simplified Wrapper and Interface Generator, or SWIG, (www.swig.org) in order to wrap the C code and allow it to be called natively in a wide variety of languages.",Telescope Module Access Library and Interface CSCThe Telescope Module Access Library and Interface (TMALI) CSC manages the detector event queue and provides an API for the retrieval of detector events from that queue to the data processing algorithms.
ex_001485,no_trace,trace,trace,The DPU-BOOT CSC shall disable write-protection of the EEPROM on the SCM.,"A collection of dependency class is used to manage dependencies. It contains objects of dependency classes and provides functions to create, delete, and get dependencies."
ex_001495,no_trace,trace,trace,The system shall integrate all components of the patient record to provide comprehensive and intelligent clinical information access and reporting,The system shall provide the ability to permit an ordering clinician to forward all (current and future) expiring order notifications to another clinician
ex_001498,no_trace,trace,trace,"It shall be possible to identify WARC files using the unix ""file"" command",square bolus under-infusion warning. If delivered clinician-requested bolus flow rate is less than the calculated square bolus rate by more than its allowed tolerance over a period of more than 5 minutes or immediately if the flow stops the pump shall issue a square bolus under-infusion warning. (EC3.2.8)
ex_001517,no_trace,trace,trace,An independent Java implementation of libwarc may be implemented,The system shall provide the ability to display the associated problem or diagnosis (indication) on the printed prescription
ex_001524,no_trace,trace,trace,The DPU-TIS shall report errors to an application program by setting the ERRNO task variable and returning ERROR.,"Public FunctionsThis routine provides a means for the CCM task to send a Purge Science Queue command from the ICU to the DPA software. The Purge Science Queue command shall be used to command the DPU to delete all data currently in the science telemetry output queue (i.e., data pending transmission to the spacecraft)."
ex_001527,no_trace,trace,trace,The DPU-DPA will complete the exposure in the time specified by the MODE command - even if it's required to truncate the final tracking frame.,The system shall have the ability to provide access to patient-specific test and procedure instructions that can be customized by the physician or health organization these instructions are to be given to the filler of the order. These instructions may reside within the system or be provided through links to external sources
ex_001532,no_trace,trace,trace,Communication and support shall be provided to the open source community. This support must be provided for at least term of the project.,"Libwarc shall be made available as a binary for at least GNU/Linux, FreeBSD, Mac OS X and Windows XP."
ex_001539,no_trace,trace,trace,"The DPU-SCUI, in the event of a buffer full condition, shall discard new data, return an error to the caller, and report an error condition to the DPU-CCM.","Libwarc shall not use file to memory mapping technology, instead libwarc will explicitly allocate memory as needed."
ex_001541,no_trace,trace,trace,"The DPU-DPA shall produce a Parameterized Finding Chart, PROD_FINDING_CHART, that is so many bytes.",The system shall provide the ability to allow the user to configure prescriptions to incorporate fixed text according to the user's specifications and to customize the printed output of the prescription
ex_001542,no_trace,trace,trace,The DPU-CCM shall use DPU-EEPRM to access the EEPROM.,Libwarc shall provide a WARC-record-type iterator
ex_001549,no_trace,trace,trace,Each MODIS standard data product shall be produced within the data volume and processing load allocation shown in Table B-1.,"Transmit Message Mode(FIOSSIBGTXMSGENABLE) and Inter-Block Gap interruptsThe SSI Driver CSC supports a message mode to facilitate application level communication. This mode uses the Inter-Block Gap interrupt generated by the hardware to synchronize message transmission. When in a messaging mode, the driver enables an internal Byte Count queue provides a synchronization mechanism for sending messages. This Byte Count queue is updated with the message size as Inter-Block Gap interrupts are received. The Transmit Message Mode uses the BGTX interrupt, the Tx FIFO Empty Interrupt, the write() call, and an internal Byte Count queue to synchronize the transmission of messages over SSI. In this mode, the maxBytes parameter passed to write() is enqueued to the Byte Count queue. When a period of time equal to or greater than the Interblock Gap time has expired, the BGTX interrupt will be asserted. At this time, the driver will respond and initiate a new transfer by setting a Byte Transfer Limit for this block and enabling the Tx FIFO Empty Interrupt. The Byte Transfer Limit corresponds to the entry on the Byte Count queue. When all bytes in the current block have been sent up to the Byte Transfer Limit, the Tx FIFO ISR will disable itself and reset the Byte Transfer Limit to zero. An application may use this mode by calling write() with a buffer pointer and maxBytes in order to transfer a message of a particular length."
ex_001551,no_trace,trace,trace,Dynamic memory management shall be hidden inside libwarc,"External Program InterfacesPerforms the SCM EDAC test, PROM checksum test, and device loopback tests for those devices which support it."
ex_001560,no_trace,trace,trace,"The DPU-SCUI, in the event of a buffer full condition, shall discard new data, return an error to the caller, and report an error condition to the DPU-CCM.","A set of command line tools incorporating libwarc shall perform migration of ""wget"" archives to WARC-records."
ex_001562,no_trace,trace,trace,The DPU-DCI shall provide the capability for an application program to reset the DCI by writing to the DCI Reset Register.,The system shall provide protection to maintain the integrity of clinical data during concurrent access
ex_001568,no_trace,trace,trace,The code and documentation shall be licensed using an open source license.,GUI should able to provide ability to set progress on a task.
ex_001570,no_trace,trace,trace,"The libwarc interfaces shall fully encapsulate and internal functionality, isolating by abstraction any tool or application based on libwarc from changes in the internal implementation.",prescription retention. The patient's prescription shall be retained for at least ?data= 96 hours after the PCA pump is turned-off and unplugged
ex_001578,no_trace,trace,trace,Add/Remove Resources to Tasks Dependencies;Dependencies between tasks and resources indicate the resources who are supposed to complete a task. Each task could be worked on by multiple persons and each person could work on multiple tasks. Dependencies may also be annotated to capture how many hours each person is supposed to work on a task on a daily basis.,"Standard I/O InterfaceThe write primitive does not block. The buffer passed to write is written directly to the active portion of the ping pong buffer by the driver. This primitive is valid only in TEST mode. The write call will set errno to S_dci_MODE_ERROR and return ERROR if the driver is in NORMAL mode. In TEST mode, the driver returns the number of bytes written."
ex_001589,no_trace,trace,trace,The DPU-CCM shall maintain counts of both the number of commands successfully received and rejected and report the parameters in DPU_HK.,"The HTTrack archive file format and link strategy may vary from version to version of HTTrack, therefore it shall be possible to adapt the migration scripts to deal with these changes."
ex_001601,no_trace,trace,trace,The DPU-DPA shall be capable of providing DPA_HK on request.,Shall write Read_packet_log_msgs to Log_messages when errors occur in the Read_MODIS_packet process.
ex_001605,no_trace,trace,trace,"When observing a new GRB, and the XRT_POS becomes available from the ICU, the DPU-DPA shall shift and resize the image and event windows appropriately.",The system shall provide the ability to query for a patient by more than one form of identification
ex_001614,no_trace,trace,trace,"The DPU-RTOS shall be a real-time, multi-tasking operating system.","Setting Data Timeout in DCIDuring nominal operation, frames arrive approximately every 11 msecs. The DCI hardware will generate an interrupt if event data has been received in one of the Ping-Pong buffers, and a configurable amount of time has passed during which no additional events have been received. A data timeout interrupt is not an error, but rather typically indicates that the current exposure has been completed. The data timeout interrupt allows the TMALI CSC to retrieve the trailing events from the DCI Ping-Pong buffer. The function tmaliDciTimeoutSet() provides an API to the DCI Driver to allow the timeout setting to be altered."
ex_001627,no_trace,trace,trace,"In Image Mode, the DPU-DPA shall be capable of binning images at different levels.","Built-In Test CSCThe Built-In Test (BIT) CSC is a Level 2 reuse component from the SSFF and INSTRUMENT Y projects. The detailed design of the BIT CSC follows. The Built-In Tests CSC, identified DPU-BIT, performs the Stage 2 Built-In Tests (BIT). The Stage 2 BIT includes a test of the SCM EDAC circuit, a checksum test on SCM PROM, a MIL-STD-1553B internal BIT, and a memory test of the DCI Data Buffers. The results of the BIT are recorded in the SYS_CNFG_AREA in EEPROM and are also maintained in DRAM. If an error occurs in one of the functions performing the BIT, the test result will be reported as a failure in the test itself."
ex_001634,no_trace,trace,trace,"Handle Milestones; A milestone is a special task. Whereas a task typically has a timeframe specified (the time needed to complete the task), a milestone is typically an event. For example, the release date of a software is an event rather than a timeframe.","Helper documentation for libwarc functionality shall be made available within the ""HTTrack"", ""wget"" and ""curl"" commands."
ex_001658,no_trace,trace,trace,"The functionality of the library shall be exposed in such a way as to fit the metaphors and paradigms of the specific implementation languages (C, Java, Python).",The system shall provide an administrative function allowing an administrator to set rules for data retention
ex_001663,no_trace,trace,trace,The DPU-TMALI shall configure the DCI interface data timeout at startup as specified by TMALI_TIMEOUT provided during initialization. The default value shall be N milliseconds and shall be capable of being modified dynamically.,"Time Synchronization CSCThe Time Synchronization (TIS) CSC is a new component which provides services to maintain time synchronization between the DPU and the spacecraft, and which provides an API for retrieval of the current system time."
ex_001703,no_trace,trace,trace,The DPU-SSI shall provide the capability for an application program to set the Inter-Block Gap (IBG) Timeout for transmitted and received messages.,"Full-Frame (FF) Engineering ModeThe purpose of Full-Frame Engineering Mode is to monitor the health of the detector to locate hot spots and dead pixels. Detector events produced in Full Frame High Resolution detector format are received and histogrammed for a commanded integration time. The entire Instrument Y is transmitted to the ground. This mode can use high resolution (all pixels) or low resolution imaging (BxB , DxD pixel binning)."
ex_001706,no_trace,trace,trace,The system shall allow other VistA applications to access the user class file to determine the role of an employee,WARC browser shall not support CDX files because the CDX file format is not a standard at this time and is outside of scope.
ex_001722,no_trace,trace,trace,Delete Tasks; Delete an existing task and all its associated information such as links to other tasks or knowledge on what resources are supposed to work on them.,"Command and Control CSCThe Command and Control (CCM) CSC is a Level 2 reuse component from the INSTRUMENT Y project. The Command and Control CSC includes the following components:* A Control Task, ccmCtrlTask(), which initializes the DPU FSW and spawns other tasks at bootup, schedules the production of DPU housekeeping data packets, monitors the execution of other tasks, and schedules the execution of other periodic tasks such as the heartbeat message and the watchdog strobe; and* A Command Dispatch Task, ccmCmdTask(), which receives and dispatches real-time commands received from the SCU or the ICU.Major data structures include:* A Static Data table that keeps track of the operational state. Data included in this table includes housekeeping production rates, CCM specific flags, and the number of commands executed.* A Command Queue into which commands are placed when they arrive, via interrupt, from the ICU or the SCU.* An Error/Event Queue which accumulates error and event codes which are reported by the DPU FSW. These error and event codes are removed from the queue and placed into a telemetry packet at a given interval and included in DPU housekeeping data.DPUSDS5.12.1.1.1Flight Software InitializationThe Command and Control CSC is initialized by spawning the CCM Control Task, ccmCtrlTask(), from the operating system startup task, usrRoot(). After the task is spawned it calls a function, ccmInit(), which creates the error/event queue, instantiates needed semaphores and installs various ISRs. Finally, it spawns the remaining tasks which comprise the DPU FSW. When the CCM Control Task starts up, it reads DPU configuration startup defaults from the SYSTEM_CONFIG_AREA in EEPROM. If the SYSTEM_CONFIG_AREA checksum is bad, hard-coded defaults are used. The CCM Control Task initializes the remaining CSCs by calling the applicable initialization function, or if the CSC has an associated task, by spawning the task using the VxWorks function, taskSpawn(). When the CCM Control Task initializes a CSC, it passes the startup defaults read from EEPROM as parameters to the task initialization function. In addition to its task initialization activities, ccmInit(), also initializes the command length verification table by calling ccmCmdLengthInit(). The command processor uses the created table to verify expected command lengths for newly received commands."
ex_001735,no_trace,trace,trace,The system shall provide a way for user to quickly click on the specifications that he or she wants for each order placed,Shall issue Program_stop if MODIS_packets cannot be read from Level0_data file.
ex_001744,no_trace,trace,trace,The system shall support the requirements for codified data specified by the DOQ-IT quality improvement measures,A GUI of task property provides interface and functions to add and remove human resource assignments by using an object of the resource assignments collection class.
ex_001761,no_trace,trace,trace,Library functionality shall have APIs and dynamic language bindings to be made available as software libraries for developers.,"A set of command line tools incorporating libwarc shall perform migration of ""wget"" archives to WARC-records."
ex_001777,no_trace,trace,trace,The DPU-RTOS shall provide a function to allow an application program to read from the Real-Time Clock registers on the RAD6000SC CPU Module.,Libwarc's generic iterators may be customised for different purposes via callback handlers (i.e. hooks)
ex_001779,no_trace,trace,trace,"WARC Tools shall be highly portable, running on a range of Linux/Unix platforms and XP as a minimum, together with man pages, build and installation guides, developer guides, etc.","Ring buffer data structureThe CSC maintains a FIFO implemented as a ring buffer to temporarily store the data received from the DCI before it is processed. The ring buffer uses two pointers called pIn and pOut to keep track of the data in the buffer. The pointers were defined such that reading from the buffer is the simplest operation and only a single compare is needed to verify if the buffer is empty. The buffer only stores Events so the pointers point to these four byte entities. As the DCI specifies all data in bytes, sizes have to be converted before reading data."
ex_001782,no_trace,trace,trace,The DPU-CCM shall use DPU-EEPRM to access the EEPROM.,GUI needs to provide ability to assign persons to tasks.
ex_001788,no_trace,trace,trace,The DPU compression software shall report errors to the DPU-CCM for inclusion in the DPU Housekeeping information.,The default compression format shall be Gzip
ex_001791,no_trace,trace,trace,"The DPU-ICUI shall format messages according to DPUICD-01, Section 3.1","Transmit Message Mode(FIOSSIBGTXMSGENABLE) and Inter-Block Gap interruptsThe SSI Driver CSC supports a message mode to facilitate application level communication. This mode uses the Inter-Block Gap interrupt generated by the hardware to synchronize message transmission. When in a messaging mode, the driver enables an internal Byte Count queue provides a synchronization mechanism for sending messages. This Byte Count queue is updated with the message size as Inter-Block Gap interrupts are received. The Transmit Message Mode uses the BGTX interrupt, the Tx FIFO Empty Interrupt, the write() call, and an internal Byte Count queue to synchronize the transmission of messages over SSI. In this mode, the maxBytes parameter passed to write() is enqueued to the Byte Count queue. When a period of time equal to or greater than the Interblock Gap time has expired, the BGTX interrupt will be asserted. At this time, the driver will respond and initiate a new transfer by setting a Byte Transfer Limit for this block and enabling the Tx FIFO Empty Interrupt. The Byte Transfer Limit corresponds to the entry on the Byte Count queue. When all bytes in the current block have been sent up to the Byte Transfer Limit, the Tx FIFO ISR will disable itself and reset the Byte Transfer Limit to zero. An application may use this mode by calling write() with a buffer pointer and maxBytes in order to transfer a message of a particular length."
ex_001794,no_trace,trace,trace,"The DPU-1553 CSC shall address hardware modules as defined in document 1400, Company X Specification for the Company X Communication/Memory Module.","Data Transfer to QueueWhen the tmaliTransferToQueueISR() ISR is invoked, it gives a semaphore to awaken tmaliTask() that will transfer data to the queue over the VME bus. The tmaliTask() uses the read() function in the DCI Driver, which implements a data transfer using a high speed assembly language routine. Because the TMALI ring buffer is implemented as an array, the tmaliTask() function must first examine the TMALI_EVENT_QUEUE to determine whether the data resident in the DCI buffer can be retrieved using a single read() call, or whether two calls are required in order to correctly handle the wrap-around case at the end of the ring buffer. In addition, the tmaliTask() function must perform an error check to verify that there is sufficient space to receive the data available in the Ping-Pong buffer. If there is insufficient space for the complete set of frames, the entire contents of the readable Ping-Pong buffer are discarded and the error S_TMALI_QUEUE_FULL is reported using ccmErrEnq mechanism. Such discarded data constitutes an integral number of CCD frames, since the DCI hardware design ensures that Ping-Pong transitions occur at CCD frame boundaries. This policy of discarding the newer data supports the scientific viewpoint that events collected right after a burst have more scientific value than events collected later."
ex_001797,no_trace,trace,trace,"The DPU-SCUI, in the event of a buffer full condition, shall discard new data, return an error to the caller, and report an error condition to the DPU-CCM.",Communication and support shall be provided to the open source community. This support must be provided for at least term of the project.
ex_001798,no_trace,trace,trace,"WARC Tools shall be highly portable, running on a range of Linux/Unix platforms and XP as a minimum, together with man pages, build and installation guides, developer guides, etc.",The Task class provides a public method SetEnd() which allows to specify starting date for the task. As input argument the method takes an object of GanttCalendar class.
ex_001799,no_trace,trace,trace,"Show Resource Utilization (underused or overused person);Tasks may be assigned to persons and it should be indicated if a person receives more tasks than he/she is able to handle (e.g., the person hours per task for all tasks exceeds the allowed 8 hours a day) or if the person is not available due to holidays or vacation days. it should also be indicated if the person is under-utilized in that he/she is working less than the 8 hours a day.","Control and Monitoringthe CCM Control Task initializes the DPU FSW. It is the responsibility of the CCM Control Task to establish a successful boot. It does so by blocking on temporary semaphores, each with a 5 second timeout, after spawning the SCU Interface Task and the CCM Command Task. If both of these tasks report a successful initialization by giving the semaphore, the CCM Control Task toggles the BC_INDEX parameter in EEPROM to indicate a successful boot. If either task does not report a successful initialization, the CCM Control Task disables the watchdog strobe to effect a reboot of the DPU. The rationale for selecting the successful initialization of these two tasks as the definition of a successful boot is that the DPU FSW requires these tasks, as a minimum, to establish ground contact and provide commandability.Once this initialization is complete, the task blocks on a binary semaphore which is given by the SCUI Command ISR upon arrival of the 1 Hz Clock Message. In the event a Clock Message does not arrive, the semaphore will time out after 1.5 seconds. The CCM Control Task remains alive to create and transmit DPU housekeeping at the appropriate intervals, perform various periodic processing tasks, and to process memory dump commands.The final call to ccmErrEnq() is performed in order that if an error occurs in an interrupt service routine, a global variable is set to the value of the errno which is then enqueued into the Error/Event Queue as part of this tasks normal processing."
ex_001802,no_trace,trace,trace,The DPU-RTOS shall provide a function to allow an application program to write to the Real-Time Clock registers on the RAD6000SC CPU Module.,The system shall relate medication allergies to medications to facilitate allergy checking decision support for medication orders
ex_001817,no_trace,trace,trace,The DPU-CCM shall provide a command to reboot the DPU.,A GUI of task property provides interface and functions to add and remove human resource assignments by using an object of the resource assignments collection class.
ex_001826,no_trace,trace,trace,The system shall stored the names of users who view remote data in the remote site's database,The system shall provide the ability to receive and store general laboratory results (includes ability to differentiate preliminary results and final results and the ability to process a corrected result)
ex_001828,no_trace,trace,trace,The DPU-BOOT CSC shall read from EEPROM in 32-bit words only.,To remove tasks as subtasks GanttTree2 class calls a method which dedent selected task nodes in GUI so that they will not be subtasks of their original parents tasks. An object of a class is used to remove relationship between selected tasks and their original parents and add relationship between selected tasks and their new parents.
ex_001829,no_trace,trace,trace,A Jhove plugin module and an output handler shall be made available for WARC files,Hardware InterfacesThe SSI Driver CSC accesses each of the registers on the Company X Communications module using D16 VME access.
ex_001838,no_trace,trace,trace,The system shall display a message indicating the patient?s ability to pay for medical services must be evaluated,Standard I/O InterfaceThe ioctl() entry point controls all interface configuration. Different commands may be available depending on whether the driver is in NORMAL or TEST mode. Any other value of the command parameter causes errno to be set to S_dci_IOCTL_UNDEF and ERROR to be returned.
ex_001839,no_trace,trace,trace,"The DPU-DPA shall collect event mode data, preserving the time and spatial resolution in the specified event window.",Synchronous Serial Interface Driver CSCThe Synchronous Serial Interface (SSI) Driver CSC is a new driver which provides an application layer interface to the SSI hardware. The SSI Driver CSC is implemented on top of the VxWorks tyLib library to manage its ring buffers. The driver features a standard I/O interface which utilizes an extended ioctl() command set to support unique SSI hardware attributes. This driver is patterned after the older VxWorks 5.2 serial driver architecture rather than the newer Tornado serial driver architecture due to the lack of programmer control over I/O in the newer Tornado driver architecture.
ex_001846,no_trace,trace,trace,The DPU-SCUI shall notify the SCU of new data by using the Transfer Request Counter in accordance with interface control document 1143-EI-S19121.,Shall write Verify_MODIS_log_msgs to Log_messages when errors occur in the Verify_MODIS_header_info process.
ex_001848,no_trace,trace,trace,The DPU-CCM shall collect DPU_HK and forward it to the DPU-SCUI.,tamper-resistant door. Because the drugs used for analgesia are often narcotic requiring Drug Enforcement Agency (DEA) tracking if used in the United States the drug reservoir and means to change prescriptions during infusion must be inhibited with a locked tamper-resistant door
ex_001859,no_trace,trace,trace,Operation Subsystem: Operation Thread The operation thread performs primary pump operation control,Milestone should be displayed visually differently from regular tasks.
ex_001869,no_trace,trace,trace,"The core functionality of WARC Tools, specifically the WARC writer/reader, shall be implemented as a comprehensive, standalone, general purpose software library - libwarc.",A GUI class of task property provides interface and functions to add and remove human resource assignments.
ex_001874,no_trace,trace,trace,Libwarc shall provide ARC-record reader functionality Libwarc reader will thereby make read operations as simple as possible.,Assembly code and specific system features shall not be used in libwarc to ensure resulting code is widely portable across multiple target architectures
