example_id,true_label,pred_label,raw_prediction,higher_level_requirement,lower_level_requirement
ex_000008,trace,trace,trace,The DPU-BOOT CSC shall provide a monitor which accepts commands over the RS-232 interface.,"Bootstrap MonitorThe Bootstrap Monitor checks entered commands for syntax and number of arguments, and displays an error message to the RS-232 interface if an invalid command or argument is entered. A complete listing of these messages is given in document 7384-BSPS-01."
ex_000014,trace,trace,trace,The Bootstrap Monitor of the DPU-BOOT CSC shall provide the capability to load a configuration of the DPU-RTOS from EEPROM to DRAM and start its execution on command.,"initial boot sequencethe initial boot sequence, identified as Boot Sequence 1. This processing takes place when the Bootstrap executes from Programmable Read-Only Memory (PROM). Boot Sequence 1 is composed primarily of 4 steps as follows.First, in this sequence, EEPROM is updated. Then, CPU BIT and a portion of DRAM BIT is performed. Next, DRAM is cleared. Lastly, Boot Sequence 2 is copied to DRAM and executed. During this sequence, the rest of DRAM is tested if skipBit is not set. Load parameters are put into registers r13, r14, r15 and r16. DRAM is cleared up to memSize. Lastly, either the DPU-RTOS or the Bootstrap Monitor is loaded and executed according to the load parameters."
ex_000015,trace,trace,trace,The Bootstrap Monitor of the DPU-BOOT CSC shall provide the capability to load a configuration of the DPU-RTOS from EEPROM to DRAM and start its execution on command.,"Hardware InterfacesThe DPU-BOOTSTRAP must interface directly with the EEPROM on the Company X Communication Module. The DPU-BOOTSTRAP accesses EEPROM as ?-bit words only. The specific timing requirements of the EEPROM are satisfied in one of three ways:* the timing requirements are met by inserting specific wait loops (typical),* the timing requirements are met by use of the EEPROM Driver (DOWNLOAD command), andthe timing requirements are met implicitly by the amount of time which will be required to execute the intervening instructions regardless of the CPU speed setting (DRAM test logic)."
ex_000020,trace,no_trace,no_trace,The DPU-BOOT CSC shall provide the capability to automatically load a configuration of DPU-RTOS from EEPROM to DRAM and start its execution.,External Program InterfacesReads the BIT results from the location pointed to by pBitResults (which is assumed to be in EEPROM) into the BIT results data structure in DRAM.
ex_000027,trace,trace,trace,"The DPU-BOOT CSC shall complete Stage 1 BIT, and load DPU-RTOS in less than A seconds following a hardware reset if CTS is not asserted.","Built-In TestThere are two stages of Built-In Tests (BIT) for the DPU. The Stage 1 BIT is included in the Bootstrap program and consists of Central Processing Unit (CPU) BIT, and Dynamic Random Access Memory (DRAM) BIT. The Stage 2 BIT is executed after the operating system is booted and is not part of the Bootstrap program."
ex_000034,trace,no_trace,no_trace,The DPU-BOOT CSC shall enable EDAC on the SCM.,"Built-In Test CSCThe Built-In Test (BIT) CSC is a Level 2 reuse component from the SSFF and INSTRUMENT Y projects. The detailed design of the BIT CSC follows. The Built-In Tests CSC, identified DPU-BIT, performs the Stage 2 Built-In Tests (BIT). The Stage 2 BIT includes a test of the SCM EDAC circuit, a checksum test on SCM PROM, a MIL-STD-1553B internal BIT, and a memory test of the DCI Data Buffers. The results of the BIT are recorded in the SYS_CNFG_AREA in EEPROM and are also maintained in DRAM. If an error occurs in one of the functions performing the BIT, the test result will be reported as a failure in the test itself."
ex_000083,trace,no_trace,no_trace,The DPU-CCM shall forward CLK_MSGs to the DPU-TIS for processing immediately upon receipt (I.e. shall not enqueue the message to the command dispatcher queue).,"Data ProcessingThe DCX CSC is a task which receives data packages from other tasks, compresses the data using the VBTWL algorithm, and then forwards the compressed data package to the SCUI CSC."
ex_000084,trace,trace,traceĊĊAnswer:Ġtrace,The DPU-CCM shall utilize bootup default values stored in the SYSTEM_CONFIG_AREA in EEPROM when initializing the FSW,"Command and Control CSCThe Command and Control (CCM) CSC is a Level 2 reuse component from the INSTRUMENT Y project. The Command and Control CSC includes the following components:* A Control Task, ccmCtrlTask(), which initializes the DPU FSW and spawns other tasks at bootup, schedules the production of DPU housekeeping data packets, monitors the execution of other tasks, and schedules the execution of other periodic tasks such as the heartbeat message and the watchdog strobe; and* A Command Dispatch Task, ccmCmdTask(), which receives and dispatches real-time commands received from the SCU or the ICU.Major data structures include:* A Static Data table that keeps track of the operational state. Data included in this table includes housekeeping production rates, CCM specific flags, and the number of commands executed.* A Command Queue into which commands are placed when they arrive, via interrupt, from the ICU or the SCU.* An Error/Event Queue which accumulates error and event codes which are reported by the DPU FSW. These error and event codes are removed from the queue and placed into a telemetry packet at a given interval and included in DPU housekeeping data.DPUSDS5.12.1.1.1Flight Software InitializationThe Command and Control CSC is initialized by spawning the CCM Control Task, ccmCtrlTask(), from the operating system startup task, usrRoot(). After the task is spawned it calls a function, ccmInit(), which creates the error/event queue, instantiates needed semaphores and installs various ISRs. Finally, it spawns the remaining tasks which comprise the DPU FSW. When the CCM Control Task starts up, it reads DPU configuration startup defaults from the SYSTEM_CONFIG_AREA in EEPROM. If the SYSTEM_CONFIG_AREA checksum is bad, hard-coded defaults are used. The CCM Control Task initializes the remaining CSCs by calling the applicable initialization function, or if the CSC has an associated task, by spawning the task using the VxWorks function, taskSpawn(). When the CCM Control Task initializes a CSC, it passes the startup defaults read from EEPROM as parameters to the task initialization function. In addition to its task initialization activities, ccmInit(), also initializes the command length verification table by calling ccmCmdLengthInit(). The command processor uses the created table to verify expected command lengths for newly received commands."
ex_000089,trace,no_trace,no_trace,The DPU-CCM shall quietly discard any unrecognized observatory messages (I.e. messages which do not have a DPU command APID).,"Data Transfer to QueueWhen the tmaliTransferToQueueISR() ISR is invoked, it gives a semaphore to awaken tmaliTask() that will transfer data to the queue over the VME bus. The tmaliTask() uses the read() function in the DCI Driver, which implements a data transfer using a high speed assembly language routine. Because the TMALI ring buffer is implemented as an array, the tmaliTask() function must first examine the TMALI_EVENT_QUEUE to determine whether the data resident in the DCI buffer can be retrieved using a single read() call, or whether two calls are required in order to correctly handle the wrap-around case at the end of the ring buffer. In addition, the tmaliTask() function must perform an error check to verify that there is sufficient space to receive the data available in the Ping-Pong buffer. If there is insufficient space for the complete set of frames, the entire contents of the readable Ping-Pong buffer are discarded and the error S_TMALI_QUEUE_FULL is reported using ccmErrEnq mechanism. Such discarded data constitutes an integral number of CCD frames, since the DCI hardware design ensures that Ping-Pong transitions occur at CCD frame boundaries. This policy of discarding the newer data supports the scientific viewpoint that events collected right after a burst have more scientific value than events collected later."
ex_000101,trace,trace,trace,"The DPU-CCM shall spawn tasks for DPU-CCM, DPU-DPA, DPU-DCX, DPU-SCUI, and DPU-TMALI at bootup.",InitializationThe DPA CSC is initialized by spawning the tasks dpaEventTask() and dpaInstrument YTask(). After the tasks are spawned they create the needed memory buffers. The dpaEventTask() then enters the Idle state waiting for a Mode command from the ICU. The dpaInstrument YTask also enters the Idle state waiting to process either the Ping or Pong buffer. The default setting for compression (on or off) is retrieved from EEPROM.
ex_000103,trace,trace,trace,"The DPU-CCM shall spawn tasks for DPU-CCM, DPU-DPA, DPU-DCX, DPU-SCUI, and DPU-TMALI at bootup.",Public FunctionsThis routine is spawned by the Command and Control Task to initialize and execute the DPA Event Processing Task.
ex_000124,trace,trace,trace,"The DPU-CCM shall collect a TASK_HBEAT from DPU-SCUI, DPU-CCM, DPU-DCX, DPU-TMALI, and DPU-DPA . Non-responsive tasks will be reported in DPU_HK.","Event ProcessingThe Event Processor Task, after receiving a Mode command from the ICU, configures the DPU DCI hardware, responds to the ICU with a Mode Ready message then receives detector events by calling functions tmaliWait() and tmaliNextEvent(). The Event Processor Task will collect detector events for the time period specified in the Mode command then issue a Mode Complete message to the ICU. After issuing the Mode Complete message, the Event Processor Task will enter the Idle state."
ex_000125,trace,no_trace,no_trace,"The DPU-CCM shall be able to count a consecutively reported error. When the the count for a particular error ID, exceeds 250 for a particular reporting period, the error code will be replaced with a error code sequence which shall include the original error code and the number of times the error was reported.","Control and Monitoringthe CCM Control Task also handles memory dump commands. In the event of a data dump command, the CCM Control Task will break the dump into manageable pieces and dump a small portion at a time, each time the task is awakened. The purpose of this deferred activity is to prevent a large dump from consuming available CPU time by keeping the high-priority CCM Command Dispatch Task busy for an extended period."
ex_000127,trace,trace,trace,"The DPU-CCM shall be able to count a consecutively reported error. When the the count for a particular error ID, exceeds 250 for a particular reporting period, the error code will be replaced with a error code sequence which shall include the original error code and the number of times the error was reported.","Public FunctionsThis routine is called by any CSC in order to report an error or event that should be included in DPU housekeeping. If this routine is called from interrupt context a static global variable, ccmISRError, is set so that the error can be enqueued later (see ccmCtrlTask()). This is done since the error/event queue is semaphore-protected and a semaphore cannot be taken in an ISR. The error queue semaphore has priority inversion set to reduce conflicts between multiple callers should a priority inversion situation arise. This routine also replaces frequently occuring errors with a special repeat error code. The repeat error code is a special error code that follows a normally reported error code to indicate that the normally reported error code previously reported has occurred more than once in the last high rate reporting period"
ex_000137,trace,trace,trace,The DPU-CCM shall use DPU-ICUI to communicate with the ICU.,"Instrument Control Unit Interface CSCThe Instrument Control Unit Interface (ICUI) CSC is a new component that provides support for application-level communication with the INSTRUMENT X ICU. The ICUI CSC is primarily responsible for implementing the application protocol with the ICU as defined in document DPUICD-01. In order to meet these objectives, ICUI provides: * An ICU Interface Message Send Function, icuiEnq(), which provides an API by which other CSCs can send messages to the ICU.* An ICU Interface Command Reader ISR, icuiCmdReceiveISR(), which receives Telecommands from the ICU and forwards them to the Command and Control Task for processing.* An ICU Interface Housekeeping Function, icuiHkGet(), which gathers ICU Interface housekeeping data at the request of the Command and Control Task."
ex_000139,trace,trace,trace,The DPU-TMALI shall be capable of making data available from the DCI to DPU-DPA. DPU-TMALI will populate a ring buffer with frames of data for application task retrieval.,"Ring buffer data structureThe CSC maintains a FIFO implemented as a ring buffer to temporarily store the data received from the DCI before it is processed. The ring buffer uses two pointers called pIn and pOut to keep track of the data in the buffer. The pointers were defined such that reading from the buffer is the simplest operation and only a single compare is needed to verify if the buffer is empty. The buffer only stores Events so the pointers point to these four byte entities. As the DCI specifies all data in bytes, sizes have to be converted before reading data."
ex_000141,trace,trace,trace,The DPU-TMALI shall be capable of making data available from the DCI to DPU-DPA. DPU-TMALI will populate a ring buffer with frames of data for application task retrieval.,"Public FunctionsThis task initializes the TMALI CSC and then continues to read data from the DCI and store it in the TMALI buffer each time the DCI driver signals that data is available in the Ping-Pong buffer. The availability of data in the DCI Ping-Pong buffer is signaled to the tmaliTask using a semaphore. Unless a fatal error is detected during initialization this task will never terminate.The specified 3 parameters specify the size of the TMALI queue and the initial parameters for the DCI, if the specified values are outside the allowed range default values will be used.The specified QueueSize is the allocated buffersize (in 4 byte EVENTS), the ring buffer is full when QueueSize-1 EVENTS are stored in the buffer."
ex_000143,trace,trace,trace,The DPU-TMALI shall provide a function which sets the current event bit ordering mode in the DCI driver.,"Event ProcessingIf the Mode command is Instrument Y Mode, the detector events are spatially filtered to the Instrument Y window specified in the Mode command then the corresponding pixel in the Ping or Pong buffer is incremented. If specified in the Mode command, pixels will be binned at AxA or BxB. Also, if specified in the Mode command, a tracking frame data product will be produced for every Ping/Pong tracking frame. Instrument Y and Event Mode may be commanded simultaneously in the Mode command. If the ICU sends an XRT Position command, the Instrument Y mode and Event Mode windows will be resized to match the new window sizes in the command."
ex_000146,trace,trace,trace,The DPU-TMALI shall provide TMALI_HK to the DPU-CCM on request.,"Public FunctionsWhen no data is available in the TMALI queue this routine blocks on a semaphore awaiting availability of events on the TMALI queue as indicated by the ISR. When data is already available on the TMALI queue, or the semaphore is taken, the number of events on the TMALI queue is determined and returned to the caller. The parameter TickstoWait specifies the maximum time which the function can wait until data becomes available in kernel-ticks. The parameter may be set to a symbolic value FOREVER which causes the function only to return when data is available. When the function is called with a timeout value and no data becomes avialable within that period the function will return zero (events available).If the tmali task has not been initialized the function returns an error."
ex_000149,trace,trace,trace,The DPU-TMALI shall configure the ping-pong frame limit at startup as specified by TMALI_PP_LIMIT provided during initialization. The default value shall be M frames and shall be capable of being modified dynamically.,"Public FunctionsThis function gets the frame depth of the Ping-Pong buffers used by the DCI CSC. The frame depth determines how many frames are read into the selected Ping-Pong buffer before interrupting. The initial value for the frame depth setting is determined by the parameter provided when stating the tmaliTask. The returned value is the current active value, this may differ from the last commanded value as the commanded value only takes effect when data is transferred from the hardware Ping-Pong buffer to the TMALI queue (in response to a frame or timeout interrupt, see section 5.13.2.3)."
ex_000151,trace,trace,trace,The DPU-TMALI shall configure the DCI interface data timeout at startup as specified by TMALI_TIMEOUT provided during initialization. The default value shall be N milliseconds and shall be capable of being modified dynamically.,"Setting Data Timeout in DCIDuring nominal operation, frames arrive approximately every 11 msecs. The DCI hardware will generate an interrupt if event data has been received in one of the Ping-Pong buffers, and a configurable amount of time has passed during which no additional events have been received. A data timeout interrupt is not an error, but rather typically indicates that the current exposure has been completed. The data timeout interrupt allows the TMALI CSC to retrieve the trailing events from the DCI Ping-Pong buffer. The function tmaliDciTimeoutSet() provides an API to the DCI Driver to allow the timeout setting to be altered."
ex_000178,trace,trace,trace,The DPU-SCUI shall be capable of receiving a telecommand from the SCU every N ms and forward it to DPU-CCM for processing.,"Command HandlingWhen a command arrives from the SCU (via the 1553 interface) or the ICU (via the SSI interface), the respective ISR will enqueue the command packet into a Command Queue, and then give the semaphore to awaken the ccmCmdTask(). Since it is possible for the DPU to send a command to itself, commands may arrive at interrupt context or task context. Therefore the CCM maintains two queues one for interrupt context which is not semaphore protected, and one for task context which is semaphore protected."
ex_000180,trace,no_trace,no_trace,The DPU-SCUI shall be capable of receiving a telecommand from the SCU every N ms and forward it to DPU-CCM for processing.,"Data ProcessingThe DCX CSC is a task which receives data packages from other tasks, compresses the data using the VBTWL algorithm, and then forwards the compressed data package to the SCUI CSC."
ex_000190,trace,no_trace,no_trace,"The DPU-SCUI shall compute a CHKS16 for telecommands received from the SCU. If the CHKS16 does not match the value included in the telecommand, an error will be reported to DPU-CCM. If the checksum computes correctly, the command will be forwarded to DPU-CCM for execution.","Data ProcessingData requiring compression is received via the dcxEnq() function, which has an API definition which matches the scuiEnq() API. The DCX CSC handles the PKG_CTRL flags as described below:* PKG_COMPRESS this flag is set to indicate if the package is actually compressed.* PKG_PRIORITY_HIGH this flag is ignored by the DCX CSC but is forwarded to the SCUI CSC.* PKG_SEGMENT this flag is ignored by the DCX CSC but is forwarded to the SCUI CSC.PKG_CHECKSUM if set, the dcxEnq() function will compute a checksum which is appended to the data, and then the flag is negated. The checksum will be compressed with the rest of the data, so that when the data is decompressed on the ground, the checksum can be recomputed and compared to provide a good indication of whether the decompressed copy of the data matches the original data set."
ex_000197,trace,trace,trace,The DPU-TIS shall provide the capability for application programs to access the current UT_DELTA.,"Time RetrievalThe DPU maintains a local copy of the spacecraft clock and current UT Delta in order that the DPU FSW can timestamp data products and packets. The TIS CSC provides a function, tisTimeGet(), which retrieves a copy of both the current DPU clock value and the most recent UT Delta value. Time is communicated among DPU FSW applications via the TIS_TIME data structure."
ex_000198,trace,trace,trace,The DPU-TIS shall provide the capability for application programs to access the current UT_DELTA.,"Public FunctionsThis routine returns a copy of the local copy of the spacecraft time maintained in the DPU hardware, and the UT Delta from the most recent Clock Message which is maintained in a static variable. The caller may pass in NULL for either parameter. If NULL is passed for both parameters, the function performs no action and returns OK."
ex_000225,trace,trace,trace,The DPU-ICUI shall report errors to DPU-CCM for inclusion in the DPU_HK.,External Program InterfacesThis routine copies the BIT Results into bitHk for inclusion in the DPU Housekeeping.
ex_000254,trace,no_trace,no_trace,The raw event list engineering mode shall collect events for transmission to the ground.,"Data ProcessingWhen the DCX CSC compresses a data package, the given APID is incremented by one. If the compressed copy of data is larger than original data set, the original data set will be forwarded to the SCUI CSC, an event S_dcx_UNC_USED is enqueued to ccmErrEnq(), and the APID is not incremented. In this way, the ground systems can discern compressed packets from non-compressed packets."
ex_000258,trace,trace,trace,"The Intensifier Characteristics Engineering mode shall produce a pulse-height histogram, PROD_INTENSE_CHAR.",Intensifier Characteristics (IC) Engineering ModeThe purpose of Intensifier Characteristics Engineering Mode is to assess detector health and performance. Detector events produced in Full Frame High Resolution detector format are collected and histogrammed for a commanded integration time to produce a pulse-height histogram.
ex_000261,trace,trace,trace,"The DPU-DPA shall command DPU-TMALI to reorder EVENT data bits as a function of the Detector Electronics Output Format (Science Mode 3, Full-Frame High Res), and the commanded DPU science or engineering mode.",Telescope Module Access Library and Interface CSCThe Telescope Module Access Library and Interface (TMALI) CSC manages the detector event queue and provides an API for the retrieval of detector events from that queue to the data processing algorithms.
ex_000288,trace,trace,trace,The DPU-RTOS shall provide the capability to invoke user-installed Interrupt Service Routines (ISRs) in response to internal and external (VME) interrupts.,"interrupt service routine (ISR)The DPU responds to interrupts via an interrupt service routine (ISR). VME interrupts are prioritized; however the DPU does not allow nested interrupts, and so any interrupts which occur while servicing another interrupt will pend until the current ISR has returned."
ex_000289,trace,trace,trace,The DPU-RTOS shall provide the capability to invoke user-installed Interrupt Service Routines (ISRs) in response to internal and external (VME) interrupts.,Generic VME Driver CSCThe Generic VME (GVME) Driver CSC is a Level 1 reuse component from the INSTRUMENT Y project. The GVME Driver provides a set of convenience routines which are useful when accessing registers and memory in the VME memory space.
ex_000292,trace,no_trace,no_trace,The DPU-RTOS shall provide a function to allow an application program to write to the Real-Time Clock registers on the RAD6000SC CPU Module.,"Time SynchronizationThe time contained in the Clock Message is specified to be valid on the rising edge of the next 1PPS signal. When the DPU receives the Clock Message, the 1553 ISR calls the tisTimeSync() function, forwarding the data portion of the clock message to the TIS CSC via the TIS_CLK_MSG data structure.. The tisTimeSync() function will immediately copy the spacecraft clock value to the DPU clock hardware registers. The DPU hardware is designed to latch in the new time on the rising edge of the next 1 PPS signal (the act of writing a new time to the hardware registers arms the latch function in the hardware). Once the new time is latched, the hardware automatically disables the time latch function to avoid the potential of latching in an old time at the next 1 PPS signal.will be received within one second. In the unlikely event a UT Delta is discarded, an event message is enqueued to ccmErrEnq() for informational purposes."
ex_000293,trace,trace,trace,The DPU-RTOS shall provide a function to allow an application program to write to the Real-Time Clock registers on the RAD6000SC CPU Module.,"Public FunctionsThis routine extracts the current spacecraft time from the clock message and writes in to the hardware clock registers to be latched by the hardware at the next 1PPS signal, and maintains a copy of the UT Delta provided in the clock message. If the UT Delta is currently being copied by an application, the UT Delta from the current message is discarded and an event is enqueued to ccmErrEnq(). If automatic time synchronization is disabled, this routine returns with no action taken. THIS ROUTINE IS INVOKED AT INTERRUPT CONTEXT."
ex_000309,trace,trace,trace,The DPU-BIT shall perform two write/read/compare tests on the RAM for the MIL-STD-1553B. The first test shall construct and write half-word (16-bit) values obtained by adding the upper and lower half-words of each each memory address. The second test shall construct and write the ones complement of the half-word values used in the first test.,"DRAM BITPart of the memory is tested in Boot Sequence 1, and part of the memory is tested during Boot Sequence 2. During Boot Sequence 1, ? KB of DRAM is tested before the Bootstrap is copied to this area. During Boot Sequence 2, the remaining memory is tested in ? KB blocks. The DRAM BIT first writes the address of each word in a block to that word in the block. Then the test flushes the cache and reads back the entire block. If a single-bit error occurs on the read-back, the location is read again. If another single-bit error occurs, the test assumes a hard error and marks the whole block bad. If a multiple-bit error occurs, the whole block is marked bad. If the value read back does not match the address, the whole block is marked bad. This same process is repeated with the ones complement of the address. The Bootstrap stores the results of the DRAM BIT in EEPROM as a series of x consecutive y-bit words. Each bit in a result word represents the result of testing a ? KB block of DRAM. These bits are mapped to DRAM by proceeding from least-significant bit (LSb) to most-significant bit (MSb) as the addresses of the memory blocks increase. A set bit indicates that a block of DRAM has failed. A clear bit indicates that a block of DRAM has passed the test."
ex_000314,trace,trace,trace,The DPU-BIT shall perform two write/read/compare tests on the RAM for the DCI Data Buffers. The first test shall write the address of each location to that location. The second test shall write the ones complement of the values used in the first test.,"DRAM BITPart of the memory is tested in Boot Sequence 1, and part of the memory is tested during Boot Sequence 2. During Boot Sequence 1, ? KB of DRAM is tested before the Bootstrap is copied to this area. During Boot Sequence 2, the remaining memory is tested in ? KB blocks. The DRAM BIT first writes the address of each word in a block to that word in the block. Then the test flushes the cache and reads back the entire block. If a single-bit error occurs on the read-back, the location is read again. If another single-bit error occurs, the test assumes a hard error and marks the whole block bad. If a multiple-bit error occurs, the whole block is marked bad. If the value read back does not match the address, the whole block is marked bad. This same process is repeated with the ones complement of the address. The Bootstrap stores the results of the DRAM BIT in EEPROM as a series of x consecutive y-bit words. Each bit in a result word represents the result of testing a ? KB block of DRAM. These bits are mapped to DRAM by proceeding from least-significant bit (LSb) to most-significant bit (MSb) as the addresses of the memory blocks increase. A set bit indicates that a block of DRAM has failed. A clear bit indicates that a block of DRAM has passed the test."
ex_000333,trace,trace,trace,"The DPU-DCI shall provide the capability for an application program to set a timeout in milliseconds that specifies a period during which no new events have been received by the hardware, after which the hardware will swap ping-pong buffers and interrupt the software.",Normal Data Exchange SequenceThe TMALI CSC serves as an intermediate manager of EVENT data supplied by the DCI Driver CSC and eventually delivered to the DPA CSC. The TMALI CSC waits for notification from the DCI CSC that a frame limit (or data timeout) has been reached in the Ping-Pong buffer indicating the EVENT data is ready to be served to TMALI. TMALI reads all EVENT data from the DCI and notifies the DCI that it can swap Ping-Pong buffers when ready. TMALI gives a semaphore to unblock the tmaliWait() call from the DPA.
ex_000343,trace,trace,traceĊĊAnswer:trace,The DPU-DCI shall report errors to an application program by setting the ERRNO task variable and returning ERROR.,"Public FunctionsThis routine is called by any CSC in order to report an error or event that should be included in DPU housekeeping. If this routine is called from interrupt context a static global variable, ccmISRError, is set so that the error can be enqueued later (see ccmCtrlTask()). This is done since the error/event queue is semaphore-protected and a semaphore cannot be taken in an ISR. The error queue semaphore has priority inversion set to reduce conflicts between multiple callers should a priority inversion situation arise. This routine also replaces frequently occuring errors with a special repeat error code. The repeat error code is a special error code that follows a normally reported error code to indicate that the normally reported error code previously reported has occurred more than once in the last high rate reporting period"
ex_000352,trace,trace,traceĊĊAnswer:Ġtrace,The DPU-DCI shall read from the DCI Registers in C-bit words only,"Standard I/O InterfaceThe read() primitive does not block. The read() primitive is implemented by simply passing its parameters to the tyLib function tyRead().The size of the Rx ring buffer is specified in the call to ssiDevCreate() as part of the device instantiation.This routine returns either the number of bytes read, or ERROR."
ex_000353,trace,trace,trace,The DPU-DCI shall read from the DCI Registers in C-bit words only,"Standard I/O InterfaceThe read() primitive does not block. A read is performed on the active portion of the H/W ping pong buffer using the RAD 6000 move-multiple instruction, referred to here after as a block move. For optimum performance, the block move is implemented in assembler. The number of bytes read is returned to the caller."
ex_000355,trace,no_trace,no_trace,The DPU-DCI shall write to the DCI Memory in B-bit words only.,"CPU BITThe CPU BIT consists of a series of tests designed to test each of the functional units of the processor. These include test for the Branch-Unit, the Fixed-Point Unit, the Floating-Point Unit, the Interrupt-Unit, and the Timer Unit. Each of these tests consists of executing a few selected instructions from the this functional unit. The General Purpose Registers (GPR), the Segment Registers (SR), the Counter Register (CTR), and the Condition Register are tested for stuck-bits as part of the Branch-Unit test. This is done by writing a 1s pattern (verified by reading it back) and then writing a 0s pattern (verified by reading it back)."
ex_000370,trace,trace,trace,Each MODIS standard product shall contain the MODIS product file name for all input product files as ECS archive metadata.,"Shall create ECS_standard_global_metadata and MODISL1A_specific_global_metadata for each completed Level1A_data product, using Level0_open_metadata and selected metadata contained in MODIS_scan."
ex_000384,trace,trace,traceĊĊAnswer:Ġtrace,Each software process shall perform quality checks on the input and output data and report on the degree to which the product conforms to instrument specification or science data accuracy specifications.,Shall detect corrupt converted_instrument_scan_data.converted_mirror_encoder_data.
ex_000385,trace,trace,traceĊĊAnswer:Ġtrace,Each software process shall perform quality checks on the input and output data and report on the degree to which the product conforms to instrument specification or science data accuracy specifications.,Shall generate data_input_status_messages and set scan_quality_flags if corrupted data values are detected.
ex_000391,trace,trace,trace,Delete Tasks; Delete an existing task and all its associated information such as links to other tasks or knowledge on what resources are supposed to work on them.,When deleting a task the GanttProject class calls GanttTreeTableNode and DefaultMutableTreeNode classes to identify the parent of the task being deleted.
ex_000395,trace,trace,traceĊĊAnswer:Ġtrace,"Maintain task properties; Edit and update task properties including start and end date, name, or progress(% complete).",GUI should able to provide ability to set progress on a task.
ex_000399,trace,trace,trace,"Add/Remove Tasks as Subtasks;A task can be made a subtask of another. For example, task 1.1 is a subtask of task 1.",To remove tasks as subtasks a method which dedent selected task nodes in GUI so that they will not be subtasks of their original parents tasks is used. The task tree model provides methods to remove relationship between selected tasks and their original parents and add relationship between selected tasks and their new parents.
ex_000400,trace,trace,traceĊĊAnswer:Ġtrace,"Handle Milestones; A milestone is a special task. Whereas a task typically has a timeframe specified (the time needed to complete the task), a milestone is typically an event. For example, the release date of a software is an event rather than a timeframe.",Milestone is a task with no duration. It has only time point of occurrence.
ex_000415,trace,trace,traceĊĊAnswer:Ġtrace,"Maintain Resource Properties;A resource has a range of properties, including name and holidays",The class for holidays provides functions to get the start date and the finish date. The class also provides function to check if a special date is in holiday.
ex_000420,trace,trace,traceĊĊAnswer:Ġtrace,Add/Remove Resources to Tasks Dependencies;Dependencies between tasks and resources indicate the resources who are supposed to complete a task. Each task could be worked on by multiple persons and each person could work on multiple tasks. Dependencies may also be annotated to capture how many hours each person is supposed to work on a task on a daily basis.,A class is used to represent the dependency between one task and one human resource. The dependency class provides functions to get the task and the human resource.
ex_000428,trace,trace,traceĊĊAnswer:Ġtrace,Change Task Begin/End Times manually with user changes; Change the start or end date either by editing its properties or by dragging-and-dropping the bar in the GUI.,GUI needs to provide ability to change length of a task.
ex_000459,trace,no_trace,no_traceĊĊAnswer:,"WARC Tools shall be highly portable, running on a range of Linux/Unix platforms and XP as a minimum, together with man pages, build and installation guides, developer guides, etc.",Libwarc shall be shipped with a developer guide and useful examples.
ex_000473,trace,trace,traceĊĊAnswer:Ġtrace,Communication and support shall be provided to the open source community. This support must be provided for at least term of the project.,Communication and support shall be provided to the open source community. This support must be provided for at least term of the project.
ex_000479,trace,trace,traceĊĊAnswer:trace,"Installation scripts and/or instructions shall be made for the library and tools for each target platform, including Linux, Unix and Windows, as well as apache and lighttp installation scripts",Libwarc shall be shipped with a manual and build scripts
ex_000481,trace,trace,traceĊĊAnswer:Ġtrace,The WARC Tools shall be implemented as a C library,Libwarc shall be implemented in C and shall conform to ANSI-C standard C99 revision.
ex_000504,trace,trace,trace,An interface implementation shall be made for Java to allow the library to be used natively by Java programmers requiring no knowledge of the internal implementation of libwarc or C.,"Libwarc and the bindings to its functionality shall enable the use of libwarc's iterators described in SRS 16-20 to be used within Java v1.5 and and later, using Java's new container iterators, such as ""for"" and ""foreach""."
ex_000507,trace,trace,traceĊĊAnswer:Ġtrace,"The functionality of the library shall be exposed in such a way as to fit the metaphors and paradigms of the specific implementation languages (C, Java, Python).",A Python interface to libwarc shall be implemented using the SWIG wrapper
ex_000550,trace,trace,traceĊĊAnswer:Ġtrace,Dynamic memory management shall be hidden inside libwarc,Libwarc shall use dynamic heap memory for its internal usage.
ex_000552,trace,trace,trace,Dynamic memory management shall be hidden inside libwarc,"The payload (or the WARC-record document itself) are stored on disk, to avoid using memory heap, even for small objects."
ex_000589,trace,trace,trace,The functionality of the library shall be exposed in such a way as to fit the metaphors and paradigms of the implementation language,"Libwarc and the bindings to its functionality shall enable the use of libwarc's iterators described in SRS 16-20 to be used within Java v1.5 and and later, using Java's new container iterators, such as ""for"" and ""foreach""."
ex_000592,trace,trace,traceĊĊAnswer:trace,Fluid Subsystem: Drug Reservoir The drug reservoir holds liquid drug until infused,reservoir tolerance. The measured drug volume shall be within Vrt = 1 ml of the actual drug volume
ex_000595,trace,trace,traceĊĊAnswer:Ġtrace,Fluid Subsystem: Drug Reservoir The drug reservoir holds liquid drug until infused,tamper-resistant door. Because the drugs used for analgesia are often narcotic requiring Drug Enforcement Agency (DEA) tracking if used in the United States the drug reservoir and means to change prescriptions during infusion must be inhibited with a locked tamper-resistant door
ex_000598,trace,trace,traceĊĊAnswer:trace,Fluid Subsystem: Drug Reservoir The drug reservoir holds liquid drug until infused,open door alarm. A open door alarm shall be triggered when the reservoir door is opened while the pump is not stopped
ex_000604,trace,trace,traceĊĊAnswer:trace,Fluid Subsystem: Pump The pump moves fluid at specified rate primes itself announces if priming fails indicates when it's too hot and halts pumping when commanded,complete pump stroke. When the stop button is pressed the current pump stroke shall be completed prior to stopping the pump
ex_000651,trace,trace,trace,Safety Subsystem: Pump Fault Manager The pump fault manager determines if the measured upstream and downstream flow rates are within tolerance of the speci ed rate and aggregates other pump fault indications into a combined pump fault indication,bolus over-infusion alarm. If delivered patient-requested bolus flow rate exceeds the prescribed patient-requested bolus rate setting by more than its allowed tolerance over a period of more than 1 minute or immediately if the pump goes into free flow the pump shall issue a bolus over-infusion alarm. (EC 3.2.7)
ex_000669,trace,trace,traceĊĊAnswer:Ġtrace,The system shall allow other VistA applications to access the user class file to determine the role of an employee,The system shall provide the ability to access reports outside the EHR application
ex_000673,trace,trace,traceĊĊAnswer:Ġtrace,The system shall allow several orders to be placed with the ability for a user to sign for them all at once,For each order type
ex_000697,trace,trace,traceĊĊAnswer:Ġtrace,The system shall include Standard Laboratory and Medication orderable files,The system shall provide the ability to document complex medication orders that include dosing based on either physical status or laboratory values
ex_000699,trace,trace,traceĊĊAnswer:Ġtrace,The system shall include a graphing feature to allow users to view lab test results and vital signs in a graph,The system shall provide the ability to create hardcopy and electronic report summary information (procedures
ex_000701,trace,trace,traceĊĊExplanation:,The system shall include capabilities for ordering laboratory tests and reviewing results,The system shall provide the ability to display user created instructions and/or prompts when ordering diagnostic tests or procedures
ex_000704,trace,trace,traceĊĊAnswer:trace,The system shall include the ability to print prescriptions for signature and fax prescriptions to a local pharmacy with an electronic signature,The system shall have the ability to provide electronic communication between prescribers and pharmacies or other intended recipients of the medication order
ex_000728,trace,trace,traceĊĊAnswer:Ġtrace,The system shall provide a way for user to quickly click on the specifications that he or she wants for each order placed,The system shall provide the ability to select order details including strength
ex_000736,trace,trace,traceĊĊAnswer:trace,The system shall require handwritten signatures for outpatient medication orders of schedule 2 and schedule 2n controlled substances due to DEA policy,The system shall provide the ability to cosign a note and record the date and time of signature
ex_000737,trace,trace,traceĊĊAnswer:trace,The system shall require handwritten signatures for outpatient medication orders of schedule 2 and schedule 2n controlled substances due to DEA policy,The system shall provide a means to create outpatient prescriptions for durable items and equipment that require prescriptions
ex_000742,trace,trace,traceĊĊAnswer:trace,The system shall support audit capability,The system shall provide the ability to audit the date/time and user of each instance when a patient chart is printed by the system
ex_000745,trace,trace,traceĊĊAnswer:trace,The system shall support the requirements for codified data specified by the DOQ-IT quality improvement measures,The system shall have the capacity to retain all recorded data in the production data base or archive for the minimum required per law
ex_000772,no_trace,trace,traceĊĊAnswer:Ġtrace,The DPU-DCI shall provide the capability for an application program to install a callback routine to respond to the DCI Error Interrupt (INTERR_EN).,The system shall provide the ability to display non-numeric current and historical test results as textual data
ex_000779,no_trace,trace,traceĊĊAnswer:Ġtrace,"The deliverables shall be made available in source code, named as ""libwarc-version.tar.gz"", where version is the version of the library. A number of binary distributions may be made, including RPM, DEB and EXE.",The system shall provide the ability to display user created instructions and/or prompts when ordering diagnostic tests or procedures
ex_000781,no_trace,no_trace,no_traceĊĊAnswer:,The DPU-BIT shall report errors that occur during tests as failures in the test results.,The system shall provide the ability to send data to register a patient in a clinical trial
ex_000789,no_trace,no_trace,no_trace,Libwarc shall provide a records iterator to handle WARC-type records,"Public FunctionsThis routine is used to format messages for transmission to the ICU and to place those messages on the SSI Driver Transmitter Queue. The functionCode parameter is used to create the CCSDS Packet APID and the Message Identifier (refer to document DPUICD-01). A mutual exclusion semaphore, icuiSemWrite, protects the SSI Driver from being written by multiple tasks simultaneously. The timeout parameter lets the caller control how long it is willing to block on this semaphore if there is an access conflict.This routine may be called at interrupt context to transmit an ACK/NAK message. In that case, the semaphore is not taken since it is not valid to take a semaphore at interrupt context. Refer to discussion of the design to accommodate the ACK/NAK message."
ex_000823,no_trace,trace,traceĊĊAnswer:Ġtrace,The DPU-DPA shall be capable of providing DPA_HK on request.,"""issue alarms and warnings. The PCA pump shall issue alarms and warnings that require clinician attention"
ex_000853,no_trace,trace,traceĊĊAnswer:Ġtrace,The DPU-DPA shall calculate drift with respect to the reference frame based on the established guide stars then perform a shift-and-add of the image mode data.,When sending user identity information between HIEs
ex_000855,no_trace,trace,traceĊĊAnswer:Ġtrace,Libwarc shall provide a range of functions through a universal interface for reading a range of valid WARC-records,The system shall have the ability to provide assistance with selecting an appropriate CPT Evaluation and Management billing code based on codified clinical information in the encounter
ex_000861,no_trace,no_trace,no_trace,The DPU-ADC shall read from the SCM registers in B-bit words only.,"Setting Data Timeout in DCIDuring nominal operation, frames arrive approximately every 11 msecs. The DCI hardware will generate an interrupt if event data has been received in one of the Ping-Pong buffers, and a configurable amount of time has passed during which no additional events have been received. A data timeout interrupt is not an error, but rather typically indicates that the current exposure has been completed. The data timeout interrupt allows the TMALI CSC to retrieve the trailing events from the DCI Ping-Pong buffer. The function tmaliDciTimeoutSet() provides an API to the DCI Driver to allow the timeout setting to be altered."
ex_000862,no_trace,no_trace,no_traceĊĊAnswer:,"Libwarc shall provide a plug-in interface to enable use of alternative compression libraries, such as ""gzip2"", ""7zip"", etc.",A human resource assignment class is used to represent the relationship between one task and one human resource. The class provides functions to get the task and the human resource.
ex_000866,no_trace,no_trace,no_traceĊĊAnswer:,The Bootstrap Monitor of the DPU-BOOT CSC shall output an error message to the RS-232 interface if an incorrect number of command arguments are entered.,The system shall provide the ability to customize clinical templates
ex_000884,no_trace,no_trace,no_trace,Delete Tasks; Delete an existing task and all its associated information such as links to other tasks or knowledge on what resources are supposed to work on them.,Public FunctionsThis routine provides a means for the CCM task to send the XRT Position command from the ICU to the DPA software. The XRT Position command shall be used to command the DPU to update the position and window parameters that it uses to spatially filter event data.
ex_000900,no_trace,no_trace,no_traceĊĊAnswer:,"Web server plug-ins shall conform to the Apache 'mod' API and shall operate correctly with both Apache and Lighttp servers and shall be compatible with appropriate web sever programming standards, such as WSGI in Python and the Servlet API in Java.",remaining battery minutes. The user interface must show that the PCA pump is working on battery backup and an estimate of the number of minutes of battery-powered infusion remain
ex_000918,no_trace,trace,trace,Safety Subsystem: Pump Fault Manager The pump fault manager determines if the measured upstream and downstream flow rates are within tolerance of the speci ed rate and aggregates other pump fault indications into a combined pump fault indication,"Standard I/O Interface The write primitive does not block. The write() primitive is managed by the tyLib function, tyWrite() when the driver is not in BGTX Message Mode. The size of the Tx ring buffer is specified in the call to ssiDevCreate() as part of the device instantiation. This routine returns either the number of bytes written, or ERROR."
ex_000925,no_trace,no_trace,no_trace,Each Software process shall handle input data sets with the following error attributes: Wrong format input files.,A class is used to represent the constraint that the start date of the dependee task should not be earlier than the end date of the dependent task.
ex_000928,no_trace,no_trace,no_traceĊĊAnswer:,The DPU-BOOT CSC shall read from EEPROM in 32-bit words only.,A class is used to represent the dependency between one task and one human resource. The dependency class provides functions to get the task and the human resource.
ex_000933,no_trace,trace,trace,"The DPU-RTOS shall exclude failed DRAM from the system memory pool based on the contents of the BIT_DRAM results in the SYSTEM_BLOCK. The system memory table does not include the Interrupt Vector Table (IVT), nor the text and data segment.",Shall detect corrupt converted_instrument_scan_data.converted_mirror_encoder_data.
ex_000959,no_trace,no_trace,no_trace,The system shall only auto-select(highlights in blue and places that entry in the field) a patient name if the user types enough characters to uniquely identify a name in the list,"A set of command line tools and an API incorporating libwarc shall enable the collection of online documents, such as html and embedded files, etc., and write them to valid WARC- records."
ex_000965,no_trace,no_trace,no_trace,"The DPU-BOOT CSC shall include a CPU BIT consisting of a branch test, a fixed point test, a floating point test, an interrupt test, a timer test, and a register test.","Data Transfer to QueueDuring initialization, the TMALI CSC installs an ISR hook routine, tmaliTransferToQueueISR(), into the DCI Driver which is invoked when:* the DCI interface reaches the programmed frame limit in the Ping-Pong buffer, or* the DCI interface detects a data receipt timeout."
ex_000972,no_trace,no_trace,no_traceĊĊAnswer:,The DPU-CCM shall notify the ICU upon completion of boot and flight software initialization.,A GUI class of graphic area provides function to draw dependency. The function uses an object of task manager to add dependencies.
ex_000980,no_trace,trace,traceĊĊAnswer:Ġtrace,"The DPU-CCM shall produce DPU_HK at a commandable rate, with a default of 10 seconds.",patient-requested bolus. A patient-requested bolus shall be delivered at its prescribed rate Fbolus in addition to the prescribed basal flow rate Fbasal but no more than the maximim flow rate for the pump Fmax
ex_000997,no_trace,trace,traceĊĊExplanation:,Functional Safety Architecture The functional safety architecture separates operation from error/fault detection with a few exceptions. This allows safety requirements to be more easily achieved and verified. Components comprising the functional safety architecture are: Upstream Monitor Downstream Monitor Pump Fault Manager Alarm Thread Error Detector Fault Logger Failure LED Power Control,The system shall provide the ability to cosign a note and record the date and time of signature
ex_000999,no_trace,trace,trace,The system shall allow other VistA applications to access the user class file to determine the role of an employee,priority. Alarm's and warning's priority shall be determined in accordance with standard IEC 60601-1-8 Medical electrical equipment- Part 1-8: General requirements for safety - Collateral standard: Alarm systems- General requirements tests and guidance for alarm systems in medical electrical equipment and medical electrical systems
ex_001003,no_trace,trace,traceĊĊAnswer:Ġtrace,"The DPU-CCM shall check the length of a received DPU_CMD against an expected value from a lookup table indexed by FUNCTION code. If the received value does not match the expected, then the command will be discarded, and an error will be enqueued.","Standard I/O InterfaceThe read() primitive does not block. The read() primitive is implemented by simply passing its parameters to the tyLib function tyRead().The size of the Rx ring buffer is specified in the call to ssiDevCreate() as part of the device instantiation.This routine returns either the number of bytes read, or ERROR."
ex_001008,no_trace,no_trace,no_trace,"There shall be four engineering modes associated with the detector: raw event list mode, channel boundary mode, centroid confirmation mode, and intensifier characteristics mode.",Install Exception HandlersThis routine installs a hook routine for the Power Failure Interrupt. The hook routine will be called from the interrupt context. This function returns OK always.
ex_001023,no_trace,no_trace,no_trace,"On boot, the DPU-CCM shall toggle the BC_INDEX if the boot is successful. A boot is successful if command and telemetry communications have been established with the spacecraft.",HousekeepingThe TMALI CSC collects housekeeping data that can be retrieved via a call to tmaliHkGet(). TMALI CSC housekeeping is returned via the TMALI_HK data structure.
ex_001024,no_trace,no_trace,no_traceĊĊExplanation,The system shall capture history of received immunizations,start infusion. Upon the clinician's pressing of the start button prescribed infusion shall commence
ex_001035,no_trace,no_trace,no_traceĊĊAnswer:,A Jhove plugin module and an output handler shall be made available for WARC files,When access to a chart is restricted and the break the glass has occurred
ex_001045,no_trace,trace,traceĊĊExplanation:,The system shall allow other VistA applications to access the user class file to determine the role of an employee,The L1A/Geolocation software shall follow the coding standards established by the MODIS project in MODIS Software Development Standards and Guidelines
ex_001061,no_trace,no_trace,no_traceĊĊAnswer:,The DPU-CCM shall use DPU-ICUI to communicate with the ICU.,Libwarc's iterators may be combined into composite iterators to enable the developer to more than one search field
ex_001078,no_trace,trace,traceĊĊAnswer:trace,"The channel boundary engineering mode shall create an array of look-up table (LUT) channel boundaries, PROD_CHAN_BOUND, from a flat field, and PROD_MN_DATA, using the algorithm described in Appendix C.",The system shall provide the ability to display non-numeric current and historical test results as textual data
ex_001083,no_trace,no_trace,no_traceĊĊAnswer:,"The Bootstrap Monitor of the DPU-BOOT CSC shall follow the protocol specified in BSPS-01, Bootstrap Monitor Protocol Specification, with the following noted exceptions.",reservoir tolerance. The measured drug volume shall be within Vrt = 1 ml of the actual drug volume
ex_001084,no_trace,no_trace,no_trace,"The DPU-BOOT CSC shall perform successive writes to a word page of EEPROM within C msecs, or wait a minimum of D usecs between successive writes.","Helper documentation for libwarc functionality shall be made available within the ""HTTrack"", ""wget"" and ""curl"" commands."
ex_001089,no_trace,trace,trace,"The DPU-CCM shall check the length of a received DPU_CMD against an expected value from a lookup table indexed by FUNCTION code. If the received value does not match the expected, then the command will be discarded, and an error will be enqueued.","Data Processing Algorithm CSCThe DPA CSC includes the following components:* Instrument Y Processor Task creates histogrammed Instrument Ys, performs Tracking (choose guide stars, drift correction, shift-and-add), creates the Reference, Accumulation, and Data Product buffers, and provides a task heartbeat to the CCM task."
ex_001091,no_trace,trace,traceĊĊAnswer:trace,The system shall use patient lists allow a person to quickly locate patients without going through all the patients in the list,basal flow rate. The basal flow rate Fbasal is prescribed by a physician and entered into the PCA pump by scanning the prescription from the drug container label as it is loaded into the reservoir
ex_001103,no_trace,no_trace,no_traceĊĊAnswer:,The DPU-BOOT CSC shall display a message via RS-232 on detection of a BIT failure.,"The payload (or the WARC-record document itself) are stored on disk, to avoid using memory heap, even for small objects."
ex_001106,no_trace,no_trace,no_trace,The DPU-CCM shall strobe the Watchdog timer by writing to the SCM_WDR at an interval of 1 second.,"CPU BITThe CPU BIT consists of a series of tests designed to test each of the functional units of the processor. These include test for the Branch-Unit, the Fixed-Point Unit, the Floating-Point Unit, the Interrupt-Unit, and the Timer Unit. Each of these tests consists of executing a few selected instructions from the this functional unit. The General Purpose Registers (GPR), the Segment Registers (SR), the Counter Register (CTR), and the Condition Register are tested for stuck-bits as part of the Branch-Unit test. This is done by writing a 1s pattern (verified by reading it back) and then writing a 0s pattern (verified by reading it back)."
ex_001111,no_trace,no_trace,no_trace,The DPU-SSI shall provide the capability for an application program to enable/disable the VME Slave Interrupt on the SCM for the SSI Interface.,"Command HandlingCommands are dequeued from the Command Queue and executed by the Command Dispatch Task, ccmCmdTask(). This task blocks on a semaphore which is given by ccmCmdEnq(). The ccmCmdTask() wakes on the semaphore and calls ccmCmdProcess() to process waiting commands. The ccmCmdProcess() function subsequently retrieves waiting commands from the Command Queue and invokes ccmCmdDispatch() to verify the expected length of the command and execute it. If command echo is enabled, ccmCmdDispatch() will call ccmHkMkCmdEcho() to blindly echo the command back to the ground. Counts for both rejected and executed commands are maintained. If the command sent to ccmCmdEnq() is either a 1 Hz Clock Time message or an Attitude message from the spacecraft, the command will not be forwarded to the Command Queue, but instead will be executed directly while still in interrupt context. Attitude messages are forwarded to dpaCommandSend(), while the 1 Hz Clock Time messages parameters are passed to tisTimeSync() in order to synchronize the current time. Any other non DPU or spacecraft observatory messages are quietly discarded without reporting an error.In order to guarantee that ccmCmdTask() task reports in with the CCM Control Task periodically in absence of a ground command, the semaphore has a timeout value of 20 seconds. If the semaphore times out, the task will verify no commands are on the Command Queue, and then report in to the CCM Control Task by calling ccmTaskReport()."
ex_001117,no_trace,trace,trace,The DPU-BOOT CSC shall initialize Error Detection and Correction (EDAC) on the RSC by clearing DRAM.,InitializationThe SSI Driver CSC is initialized by calling the function ssiDrv() from the startup task usrRoot().
ex_001118,no_trace,no_trace,no_trace,"The DPU-CCM shall monitor the status of DPU-SCUI, DPU-CCM, DPU-DCX, DPU-TMALI, and DPU-DPA by examining their TASK_INFO and report this information in DPU_HK.","Data Processing Algorithm CSCThe DPA CSC includes the following components:* Algorithms o Choose Guide Stars scans the bright stars in the reference frame, chooses guide stars and sets up tracking windows around the guide stars.o Drift Correction calculates the drift offset and roll of a just-completed tracking frame relative to the reference frame. o Create Finding Chart will use the above Choose Guide Stars Algorithm to find the brightest stars in the finding chart Instrument Y then creates a list of the brightest stars and their intensities.o Derive Channel Boundaries calculates a set of channel boundaries (18 numbers - 9X, 9Y) which are used by the centroiding software in the Blue Processing Electronics (BPE) in the Telescope Module."
ex_001129,no_trace,trace,trace,The DPU-SSI shall provide the capability for an application program to set the Inter-Block Gap (IBG) Timeout for transmitted and received messages.,"Public FunctionsThis routine provides a means to get the current data timeout value used by the DCI. The returned value is the current timeout in milliseconds.The timeout is discussed in document 036911400, section 4.3.2.4.1.3."
ex_001133,no_trace,trace,traceĊĊAnswer:trace,The system shall timeout after a period of inactivity,open door alarm. A open door alarm shall be triggered when the reservoir door is opened while the pump is not stopped
ex_001135,no_trace,trace,traceĊĊAnswer:Ġtrace,The DPU-SCUI shall rate-buffer the delivery of STPDUs to the SCU according to the SCU_BUFFER_RATE parameter provided during initialization. The default value shall provide data to the SCU at a rate of X Kbps and shall be capable of being modified dynamically.,max dose warning. Clinician commanded bolus shall be halted when continuinh to infuse prescribed VTBI will exceed hard limits retrieved from the drug library for the volume of drug infused over a period of time. Pump rate shall be reduced to KVO and a max dose warning be issued
ex_001136,no_trace,no_trace,no_trace,The system shall indicate that the record is sensitive and may only be viewed by authorized users,bolus over-infusion alarm. If delivered patient-requested bolus flow rate exceeds the prescribed patient-requested bolus rate setting by more than its allowed tolerance over a period of more than 1 minute or immediately if the pump goes into free flow the pump shall issue a bolus over-infusion alarm. (EC 3.2.7)
ex_001138,no_trace,trace,traceĊĊAnswer:Ġtrace,The DPU-BOOT CSC shall display a message via RS-232 on detection of a BIT failure.,The system shall provide the ability to accept
ex_001141,no_trace,no_trace,no_trace,Iterators can use exact pattern search or regex expressions,"Sending Messages to the ICUIn order to send messages to the ICU, the DPU FSW tasks call icuiEnq(). The calling application passes the function code of the message to be sent, as well as a pointer to a data structure containing the message parameters associated with the given function code. The icuiEnq() function formats the message according to the ICU/DPU ICD using icuiMsgFormat(), and then writes the message to SSI Driver transmitter buffer by calling the driver write() function. A mutual exclusion semaphore, icuiSemWrite, protects the SSI Driver from being written by multiple tasks simultaneously. A timeout parameter lets the caller control how long it is willing to block on this semaphore if there is an access conflict."
ex_001142,no_trace,trace,traceĊĊAnswer:trace,"The Bootstrap CSC shall address hardware modules as defined in document 1400, Company X Specification for the Company X Communication/Memory Module.",The system shall provide the ability to maintain a discrete list of orderable medications
ex_001153,no_trace,trace,traceĊĊAnswer:Ġtrace,Operational Subsystem: Event Logger Thread The event logger thread records all actions or events for later review or audit,The system shall provide the ability to permit an ordering clinician to forward all (current and future) expiring order notifications to another clinician
ex_001155,no_trace,trace,trace,The system shall indicate that the record is sensitive and may only be viewed by authorized users,Telescope Module Access Library and Interface CSCThe Telescope Module Access Library and Interface (TMALI) CSC manages the detector event queue and provides an API for the retrieval of detector events from that queue to the data processing algorithms.
ex_001158,no_trace,no_trace,no_trace,The DPU-CCM shall provide the capability to echo to the spacecraft each received command from the spacecraft or the ICU.,"Each peer class shall expose a set a class functions to read, write, and update attributes for the corresponding WARC-record."
ex_001161,no_trace,trace,trace,"A MODIS Computer Software Configuration Item (CSCI) is any independently tracked and configured unit of software within the MODIS SDP S/W, including processes, scripts, and utility libraries. Each CSCI in the MODIS SDP S/W shall run in the ECS production environment.",The system shall provide the ability to link procedure data with patient diagnosis
ex_001164,no_trace,no_trace,no_trace,"The DPU-DPA shall transition MODE based on the protocol specified in document DPUICD-01, section 2.2",The system shall capture demographic information as part of the patient record. Demographic information
ex_001202,no_trace,trace,traceĊĊAnswer:trace,The image mode shall shift successive frames according to the calculated spacecraft drift and co-add the frame into an accumulated image.,An independent Java implementation of libwarc may be implemented subject to review of deliverables satisfying SRS 61
ex_001222,no_trace,no_trace,no_trace,The system shall provide tools for creating business rules that apply to documents used by members of such groups,"Setting Data Timeout in DCIDuring nominal operation, frames arrive approximately every 11 msecs. The DCI hardware will generate an interrupt if event data has been received in one of the Ping-Pong buffers, and a configurable amount of time has passed during which no additional events have been received. A data timeout interrupt is not an error, but rather typically indicates that the current exposure has been completed. The data timeout interrupt allows the TMALI CSC to retrieve the trailing events from the DCI Ping-Pong buffer. The function tmaliDciTimeoutSet() provides an API to the DCI Driver to allow the timeout setting to be altered."
ex_001223,no_trace,no_trace,no_trace,The DPU-CCM shall process real-time non-deferred commands within B ms of receipt from the ICU or the SCU.,"Public FunctionsWhen no data is available in the TMALI queue this routine blocks on a semaphore awaiting availability of events on the TMALI queue as indicated by the ISR. When data is already available on the TMALI queue, or the semaphore is taken, the number of events on the TMALI queue is determined and returned to the caller. The parameter TickstoWait specifies the maximum time which the function can wait until data becomes available in kernel-ticks. The parameter may be set to a symbolic value FOREVER which causes the function only to return when data is available. When the function is called with a timeout value and no data becomes avialable within that period the function will return zero (events available).If the tmali task has not been initialized the function returns an error."
ex_001226,no_trace,no_trace,no_trace,"The Bootstrap Monitor of the DPU-BOOT CSC shall provide the capability to read from Dynamic Random Access Memory (DRAM), the VME bus, and the Input/Output Channel Controller (IOCC) on command.","Python scripts shall be implemented incorporating libwarc, and making all of the functionality of libwarc and API available in Python."
ex_001236,no_trace,no_trace,no_traceĊĊAnswer:,The DPU-CCM shall forward CLK_MSGs to the DPU-TIS for processing immediately upon receipt (I.e. shall not enqueue the message to the command dispatcher queue).,"It shall be possible to create a WARC-record using a constructor, which will returns an abstract handle to data representing the WARC-record."
ex_001264,no_trace,trace,trace,"The DPU-SCUI shall compute a CHKS16 for telecommands received from the SCU. If the CHKS16 does not match the value included in the telecommand, an error will be reported to DPU-CCM. If the checksum computes correctly, the command will be forwarded to DPU-CCM for execution.",Ring buffer data structureThe pIn and pOut pointers are defined as follows:* pIn- last location filled with data* pOut- last empty location
ex_001270,no_trace,no_trace,no_trace,"The DPU-ICUI shall compute a CHKS_16 for DPU_CMDs received from the ICU. If the expected checksum is not computed, the command will be discarded, an error will be enqueued to DPU-CCM, and a NAK message transmitted to the ICU within a second.","The HTTrack archive file format and link strategy may vary from version to version of HTTrack, therefore it shall be possible to adapt the migration scripts to deal with these changes."
ex_001279,no_trace,no_trace,no_trace,The DPU-TIS shall provide the capability for application programs to access the current UT_DELTA.,"Data Transfer to QueueWhen the tmaliTransferToQueueISR() ISR is invoked, it gives a semaphore to awaken tmaliTask() that will transfer data to the queue over the VME bus. The tmaliTask() uses the read() function in the DCI Driver, which implements a data transfer using a high speed assembly language routine. Because the TMALI ring buffer is implemented as an array, the tmaliTask() function must first examine the TMALI_EVENT_QUEUE to determine whether the data resident in the DCI buffer can be retrieved using a single read() call, or whether two calls are required in order to correctly handle the wrap-around case at the end of the ring buffer. In addition, the tmaliTask() function must perform an error check to verify that there is sufficient space to receive the data available in the Ping-Pong buffer. If there is insufficient space for the complete set of frames, the entire contents of the readable Ping-Pong buffer are discarded and the error S_TMALI_QUEUE_FULL is reported using ccmErrEnq mechanism. Such discarded data constitutes an integral number of CCD frames, since the DCI hardware design ensures that Ping-Pong transitions occur at CCD frame boundaries. This policy of discarding the newer data supports the scientific viewpoint that events collected right after a burst have more scientific value than events collected later."
ex_001291,no_trace,trace,traceĊĊAnswer:trace,The DPU-ADC shall create a fixed analog conversion scan list containing the A DPU analog values (active values plus one ground reference value).,remaining battery accuracy. The estimate of remaining battery energy must be accurate to within Xbtty = 25%
ex_001305,no_trace,trace,traceĊĊAnswer:trace,Safety Subsystem: Fault Logger The fault logger records all errors that are detected. As such it is pure hardware that does not depend on thread execution. It also maintains a hardware real-time clock used for timestamps,WARC files in various test-states shall be provided that test the Jhove deliverables
ex_001307,no_trace,trace,traceĊĊAnswer:Ġtrace,The image mode shall shift successive frames according to the calculated spacecraft drift and co-add the frame into an accumulated image.,event log. The PCA pump shall maintain an electronic event log to record each action taken by the pump and each event sensed of its environment
ex_001310,no_trace,no_trace,no_trace,"WARC Tools shall be highly portable, running on a range of Linux/Unix platforms and XP as a minimum, together with man pages, build and installation guides, developer guides, etc.","Checksum LibraryA number of checksum algorithms are required by various system and application software modules. In order to avoid duplication of code, the various checksum algorithms are encapsulated into a checksum library."
ex_001323,no_trace,no_trace,no_trace,"The DPU-SCUI shall cancel the write to each subaddress if the SCU fails to read a pending STPDU after a timeout specified by a value calculated based on the SCU_POLL_RATE parameter provided during initialization, shall record new data to those subaddresses, and report an error to the DPU-CCM. The SCU_POLL RATE parameter shall have a default setting of J ms and shall be capable of being modified dynamically.",A GUI class of task property provides interface and functions to add and remove dependencies by using an object of the dependency collection.
ex_001333,no_trace,trace,traceĊĊAnswer:Ġtrace,"Add/Remove Task links; Tasks can be linked with one another to indicate the sequence in which they have to be performed. For example, if there is a link from task 1 to task 2 then task 2 can only be started after task 1 is completed. The start date of task 2 must thus be after the end date of task 1.",The system shall provide the ability to create site-specific care plan
ex_001336,no_trace,trace,traceĊĊAnswer:Ġtrace,The DPU-DPA will complete the exposure in the time specified by the MODE command - even if it's required to truncate the final tracking frame.,occlusion alarm. When an occlusion alarm occurs the pump shall be stopped immediately without completing the current pump stroke
ex_001356,no_trace,trace,traceĊĊAnswer:trace,Safety Subsystem: Failure LED Hardware faults that prevent execution of thread cause the failure LED to illuminate,"Libwarc shall provide interfaces to SWIG wrappers to allow dynamic language bindings (Python, Ruby, Perl, Lua ...)"
ex_001363,no_trace,no_trace,no_traceĊĊAnswer:,The DPU-TMALI shall install a callback routine to respond to the DCI Error Interrupt.,battery failure alarm. The PCA pump shall detect battery failure and issue a battery failure alarm
ex_001364,no_trace,trace,traceĊĊAnswer:trace,The system shall use patient lists allow a person to quickly locate patients without going through all the patients in the list,The system shall provide the ability to present a list of tasks by user or user role
ex_001374,no_trace,no_trace,no_trace,The DPU-BOOT CSC shall disable write-protection of the EEPROM on the SCM.,"CPU BITThe CPU BIT consists of a series of tests designed to test each of the functional units of the processor. These include test for the Branch-Unit, the Fixed-Point Unit, the Floating-Point Unit, the Interrupt-Unit, and the Timer Unit. Each of these tests consists of executing a few selected instructions from the this functional unit. The General Purpose Registers (GPR), the Segment Registers (SR), the Counter Register (CTR), and the Condition Register are tested for stuck-bits as part of the Branch-Unit test. This is done by writing a 1s pattern (verified by reading it back) and then writing a 0s pattern (verified by reading it back)."
ex_001383,no_trace,trace,trace,"Add/Remove Task links; Tasks can be linked with one another to indicate the sequence in which they have to be performed. For example, if there is a link from task 1 to task 2 then task 2 can only be started after task 1 is completed. The start date of task 2 must thus be after the end date of task 1.",An object of the recalculating task schedule algorithm class is used to change the start or end date based on dependency changes. The algorithm class provides functions to fulfill the constraints and to modify the start or end date of the tasks.
ex_001385,no_trace,no_trace,no_trace,The system shall capture history of received immunizations,"Helper documentation for libwarc functionality shall be made available within the ""HTTrack"", ""wget"" and ""curl"" commands."
ex_001386,no_trace,no_trace,no_trace,The DPU-BIT shall perform two write/read/compare tests on the RAM for the MIL-STD-1553B. The first test shall construct and write half-word (16-bit) values obtained by adding the upper and lower half-words of each each memory address. The second test shall construct and write the ones complement of the half-word values used in the first test.,"Telemetry Output to the Spacecraft 1553 BusThe SCUI CSC reads the Data Packages from the queues and transforms them into CCSDS Version 1 Source Packets. These Source Packets are then packed into the STPDU for transmission to the SCU. This processing is performed by scuiConvertToSTPDU(). The STPDU, prefixed with a Transfer Request Counter (TRC), is then written to fifteen sequential 1553 subaddresses (as described in the Company X 1553 ICD) by the function scuiWrite()."
ex_001402,no_trace,no_trace,no_traceĊĊAnswer:,An interface implementation shall be made for Java to allow the library to be used natively by Java programmers requiring no knowledge of the internal implementation of libwarc or C.,Public FunctionsThis routine provides a means for the CCM task to send a Mode command from the ICU to the DPA software. The Mode command shall be used to command the DPU into a particular science or engineering event processing mode. The mode shall become effective after the DPU has sent the Mode Ready message to the ICU.
ex_001429,no_trace,no_trace,no_traceĊĊAnswer:,The DPU-BIT shall perform two write/read/compare tests on the RAM for the DCI Data Buffers. The first test shall write the address of each location to that location. The second test shall write the ones complement of the values used in the first test.,The system shall provide a means to create outpatient prescriptions with detail adequate for correct filling and administration
ex_001438,no_trace,trace,traceĊĊAnswer:trace,An Apache and Lighttp plug-in shall provide access to the libwarc API and WARC Browser over http,event log. The PCA pump shall maintain an electronic event log to record each action taken by the pump and each event sensed of its environment
ex_001448,no_trace,no_trace,no_trace,"It shall be possible to convert ARC files to WARC files using a command-line tool called ""arc2warc""",Install Exception Handlersa default interrupt handler and is installed into element five (5) of the system interrupt table.
ex_001459,no_trace,no_trace,no_trace,The system shall indicate problems with inactive codes have the ?#? symbol in the status column,Public FunctionsThis routine provides a means for the CCM task to send the XRT Position command from the ICU to the DPA software. The XRT Position command shall be used to command the DPU to update the position and window parameters that it uses to spatially filter event data.
ex_001463,no_trace,trace,trace,The DPU-BOOT CSC shall test and clear DRAM on power-on using the COLD_MEM_SIZE obtained from the SYSTEM_BLOCK.,"DRAM BITPart of the memory is tested in Boot Sequence 1, and part of the memory is tested during Boot Sequence 2. During Boot Sequence 1, ? KB of DRAM is tested before the Bootstrap is copied to this area. During Boot Sequence 2, the remaining memory is tested in ? KB blocks. The DRAM BIT first writes the address of each word in a block to that word in the block. Then the test flushes the cache and reads back the entire block. If a single-bit error occurs on the read-back, the location is read again. If another single-bit error occurs, the test assumes a hard error and marks the whole block bad. If a multiple-bit error occurs, the whole block is marked bad. If the value read back does not match the address, the whole block is marked bad. This same process is repeated with the ones complement of the address. The Bootstrap stores the results of the DRAM BIT in EEPROM as a series of x consecutive y-bit words. Each bit in a result word represents the result of testing a ? KB block of DRAM. These bits are mapped to DRAM by proceeding from least-significant bit (LSb) to most-significant bit (MSb) as the addresses of the memory blocks increase. A set bit indicates that a block of DRAM has failed. A clear bit indicates that a block of DRAM has passed the test."
ex_001471,no_trace,trace,traceĊĊAnswer:Ġtrace,The DPU-SSI shall provide the capability for an application program to set the Inter-Block Gap (IBG) Timeout for transmitted and received messages.,The system shall provide the ability to allow the user to configure prescriptions to incorporate fixed text according to the user's specifications and to customize the printed output of the prescription
ex_001479,no_trace,no_trace,no_traceĊĊAnswer:,The DPU-SSI shall provide the capability for an application program to install a callback routine to respond to the transmit IBG Interrupt.,Libwarc shall be shipped with a manual and build scripts
ex_001487,no_trace,trace,traceĊĊAnswer:trace,"The Bootstrap CSC shall address hardware modules as defined in document 1400, Company X Specification for the Company X Communication/Memory Module.","Libwarc shall provide interfaces to SWIG wrappers to allow dynamic language bindings (Python, Ruby, Perl, Lua ...)"
ex_001490,no_trace,no_trace,no_traceĊĊAnswer:,The system will abort when the user tries to login if tabs are not assigned to the user in their NEW PERSON file or if the RESTRICT PATIENT SELECTION prompt does not contain a Yes or No,empty-reservoir alarm. If the drug volume in the reservoir measures less than Vers =0.5 ml and an infusion is in progress an empty-reservoir alarm shall be issued stopping the pump
ex_001520,no_trace,no_trace,no_trace,The Bootstrap Monitor of the DPU-BOOT CSC shall provide the capability to load a configuration of the DPU-RTOS from EEPROM to DRAM and start its execution on command.,"Libwarc shall be shipped with installation guides for Fedora, Debian, FreeBSD, Mac OS X 10.5 and Windows XP."
ex_001530,no_trace,no_trace,no_trace,"Utility and application level functionality of WARC Tools shall be made available to end users as command line tools, extensions to existing tools, and simple web applications for accessing WARC content.","Unmask VME Interrupts and Disallow Nested InterruptsThe device drivers do not automatically unmask VME interrupts at the processor. This must be done separately since some VME interrupts may share an IRQ level. Finally, nested interrupt capability should be disabled since allowing for nested interrupts was not considered in the design of this FSW. This is done by verifying that SYS_INT_MASK_0 and SYS_INT_MASK_1 are both defined to 0xffffffff in config.h."
ex_001573,no_trace,trace,trace,A Java interface shall be implemented,Shall incorporate level1a_scan_flags into scan_quality flags.
ex_001574,no_trace,no_trace,no_trace,"The DPU-SCUI shall cancel the write to each subaddress if the SCU fails to read a pending STPDU after a timeout specified by a value calculated based on the SCU_POLL_RATE parameter provided during initialization, shall record new data to those subaddresses, and report an error to the DPU-CCM. The SCU_POLL RATE parameter shall have a default setting of J ms and shall be capable of being modified dynamically.",A GUI class of task property provides interface and functions to add and remove human resource assignments.
ex_001586,no_trace,no_trace,no_traceĊĊAnswer:,The DPU-BIT shall report errors that occur during tests as failures in the test results.,If the system archives health record information
ex_001591,no_trace,no_trace,no_trace,The system shall allow physician offices to use social security numbers or medical record numbers to identify patients,"Telemetry Output to the Spacecraft 1553 BusThe SCU, which is a MIL-STD-1553 Bus Controller (BC), periodically reads the STPDU contained in the fifteen telemetry subaddresses, and then writes to the telemetry done subaddress. When the telemetry done subaddress is written, the scuiTlmDoneISR() is called which gives a semaphore to awaken the scuiTask(). The software provides fault tolerance by automatically awaking after approximately two polling periods. This timeout is automatically adjusted any time the SCU Poll Rate value is changed by command."
ex_001646,no_trace,no_trace,no_traceĊĊAnswer:,The system shall display a box listing possible matches if CPRS finds more than one patient with the same last name and same last four digits of the social security numbers,The system shall have the ability to provide access to patient-specific test and procedure instructions that can be customized by the physician or health organization these instructions are to be given to the patient. These instructions may reside within the system or be provided through links to external sources
ex_001647,no_trace,no_trace,no_traceĊĊAnswer:,The Bootstrap Monitor of the DPU-BOOT CSC shall validate commands entered for syntax and number of arguments.,stop infusion. Upon the clinician's pressing of the stop button prescribed infusion shall halt
ex_001650,no_trace,no_trace,no_traceĊĊAnswer:,"A MODIS Computer Software Configuration Item (CSCI) is any independently tracked and configured unit of software within the MODIS SDP S/W, including processes, scripts, and utility libraries. Each CSCI within the MODIS SDP S/W systemshall employ the Earth Science Data and Information System (ESDIS)-supplied SDPTK mandatory functions to access the DAAC production environment and services.",pump drug. The mechanical pump shall pump drug at precribed flow rates for basal bolus and KVO infusion when commanded
ex_001683,no_trace,no_trace,no_trace,"The DPU-TMALI shall utilize SCM_DCI_SR, along with ERRNO provided by DPU-DCI to decode errors and place them on an error queue for DPU-CCM.","Command HandlingCommands are dequeued from the Command Queue and executed by the Command Dispatch Task, ccmCmdTask(). This task blocks on a semaphore which is given by ccmCmdEnq(). The ccmCmdTask() wakes on the semaphore and calls ccmCmdProcess() to process waiting commands. The ccmCmdProcess() function subsequently retrieves waiting commands from the Command Queue and invokes ccmCmdDispatch() to verify the expected length of the command and execute it. If command echo is enabled, ccmCmdDispatch() will call ccmHkMkCmdEcho() to blindly echo the command back to the ground. Counts for both rejected and executed commands are maintained. If the command sent to ccmCmdEnq() is either a 1 Hz Clock Time message or an Attitude message from the spacecraft, the command will not be forwarded to the Command Queue, but instead will be executed directly while still in interrupt context. Attitude messages are forwarded to dpaCommandSend(), while the 1 Hz Clock Time messages parameters are passed to tisTimeSync() in order to synchronize the current time. Any other non DPU or spacecraft observatory messages are quietly discarded without reporting an error.In order to guarantee that ccmCmdTask() task reports in with the CCM Control Task periodically in absence of a ground command, the semaphore has a timeout value of 20 seconds. If the semaphore times out, the task will verify no commands are on the Command Queue, and then report in to the CCM Control Task by calling ccmTaskReport()."
ex_001687,no_trace,no_trace,no_trace,The DPU-RTOS shall provide a function to allow an application program to write to the Real-Time Clock registers on the RAD6000SC CPU Module.,"Public FunctionsThis task initializes the TMALI CSC and then continues to read data from the DCI and store it in the TMALI buffer each time the DCI driver signals that data is available in the Ping-Pong buffer. The availability of data in the DCI Ping-Pong buffer is signaled to the tmaliTask using a semaphore. Unless a fatal error is detected during initialization this task will never terminate.The specified 3 parameters specify the size of the TMALI queue and the initial parameters for the DCI, if the specified values are outside the allowed range default values will be used.The specified QueueSize is the allocated buffersize (in 4 byte EVENTS), the ring buffer is full when QueueSize-1 EVENTS are stored in the buffer."
ex_001692,no_trace,no_trace,no_trace,The system shall indicate that the record is sensitive and may only be viewed by authorized users,"There shall be a single entry point to libwarc, called ""warc.h""."
ex_001695,no_trace,no_trace,no_traceThehigher,"The DPU-SCUI shall be capable of preparing one STPDU for delivery to the SCU every M milliseconds, or shall indicate a No Data condition to the SCU by maintaining an un-incremented ST_PDU Transfer Request Counter field.",The system shall have the ability to format for export recorded time stamps using UTC based on ISO 8601.? Example: 1994-11-05T08:15:30-05:00 corresponds to November 5
ex_001715,no_trace,trace,traceĊĊAnswer:Ġtrace,"The DPU-ICUI shall format messages according to DPUICD-01, Section 3.1","There shall be a single entry point to libwarc, called ""warc.h""."
ex_001724,no_trace,trace,traceĊĊAnswer:Ġtrace,"The DPU-DCI shall read from the DCI Memory in B-bit words only, using the load multiple/store multiple instructions.",The system shall have the capacity to retain all recorded data in the production data base or archive for the minimum required per law
ex_001729,no_trace,no_trace,no_trace,The DPU-SSI shall provide the capability for an application program to enable/disable the VME Slave Interrupt on the SCM for the SSI Interface.,"Time Synchronization CSCThe Time Synchronization (TIS) CSC is a new component which provides services to maintain time synchronization between the DPU and the spacecraft, and which provides an API for retrieval of the current system time."
ex_001732,no_trace,no_trace,no_traceĊĊAnswer:,The DPU-DPA will obtain the initial tracking frame time from the ICU.,Libwarc shall support non-compressed WARC-records and compressed WARC-records and files
ex_001745,no_trace,no_trace,no_traceĊĊExplanation,The system shall implement a user class hierarchy to identify the roles that different users fulfill within the hospital,remaining battery accuracy. The estimate of remaining battery energy must be accurate to within Xbtty = 25%
ex_001747,no_trace,no_trace,no_trace,"In Image Mode, the DPU-DPA shall be capable of binning images at different levels.","Receiving Commands from the ICUThe interface to the ICU is via a synchronous serial interface (SSI) bus, which utilizes an inter-block gap (IBG) to delineate complete messages from one another. The DPU hardware produces an interrupt when it detects an IBG, and the SSI Driver provides a mechanism by which an application can install an interrupt hook routine to respond to an IBG interrupt. Upon initialization, the ICUI CSC installs a hook routine into the SSI Driver called icuiCommandReceiveISR(), which verifies the checksum of an incoming command, transmits an ACK/NAK message to the ICU, and then enqueues the command for later processing by calling ccmCmdEnq()."
ex_001765,no_trace,no_trace,no_trace,The DPU-DPA shall be able to perform tracking based on data collected from the detector by calculating the spacecraft drift using successive tracking frames using the algorithm described in Appendix C.,"Performing Analog-to-Digital ConversionsThe ADC Driver maintains an array of ADC_LIST_ENTRY data structures which contain the hardware multiplexer setup information for each of the x analog inputs, and the current value (ADC_VALUE) of each analog input. To update a single value in the list, an application must call the update function adcUpdateNext(). The ADC hardware only has a single A/D channel, and so to perform an A/D conversion the hardware requires a multiplexer setup and corresponding settle time, as well as the normal A/D conversion time. Therefore, it takes two calls to adcUpdateNext() to update a single value in the list. To keep the driver simple and to avoid embedding hard waits in the driver, the application is required to implement the setup and conversion time by spacing successive calls to the adcUpdateNext() function appropriately."
ex_001768,no_trace,no_trace,no_trace,The system shall allow user classes to be used across VistA to replace and/or complement security keys,When deleting a task the GanttProject class calls AdjustTaskBoundsAlgorithm and passes the parent of the deleted task as a parameter. The AdjustTaskBoundsAlgorithm takes care of handling and releasing resources associated with the deleted task.
ex_001776,no_trace,trace,traceĊĊAnswer:Ġtrace,"The DPU-RTOS shall exclude failed DRAM from the system memory pool based on the contents of the BIT_DRAM results in the SYSTEM_BLOCK. The system memory table does not include the Interrupt Vector Table (IVT), nor the text and data segment.",The system shall capture user and date stamp for all prescription related events
ex_001786,no_trace,trace,trace,"The DPU-RTOS shall exclude failed DRAM from the system memory pool based on the contents of the BIT_DRAM results in the SYSTEM_BLOCK. The system memory table does not include the Interrupt Vector Table (IVT), nor the text and data segment.",The Task class provides a public method SetEnd() which allows to specify starting date for the task. As input argument the method takes an object of GanttCalendar class.
ex_001792,no_trace,invalid,no-traceĊĊEx,"Installation scripts and/or instructions shall be made for the library and tools for each target platform, including Linux, Unix and Windows, as well as apache and lighttp installation scripts",The system shall provide the ability to create prescription or other medication orders with sufficient information for correct filling and dispensing by a pharmacy
ex_001807,no_trace,no_trace,no_trace,A Python script shall be made available to enable rapid development of WARC based solutions,SRS 38 -A web proxy interface shall be implemented that allows the user to set their web browser proxy to the one provided by the interface and thereby ensure all content is delivered from the archive and not from the live web.
ex_001808,no_trace,no_trace,no_traceĊĊAnswer:,"Libwarc shall provide a plug-in interface to enable use of alternative compression libraries, such as ""gzip2"", ""7zip"", etc.","InitializationThe driver is initialized by invoking the initialization function adcInit(). The function initializes the ADC_LIST_ENTRY array, sets up convenience pointers to the ADC hardware registers, and sets up the ADC multiplexer for the first conversion (otherwise the very first ADC value requires three calls to adcUpdateNext()). The ADC Driver can be re-initialized, which will result in the values in the ADC_LIST_ENTRY array being reset to their default values.The ADC_VALUEs are A-bit data items; however the hardware contains a B-bit A/D. The upper bits are used to indicate invalid or suspect values as follows:* At initialization, the MSbit of each of the ADC_VALUEs is set (0x8000).* If a conversion fails (i.e. the driver reads the analog value and determines that the conversion has not yet completed), the second MSbit."
ex_001831,no_trace,no_trace,no_traceĊĊAnswer:,The system shall allow creation of personalized templates to fit the specific needs of individual practices,drug reservoir. The drug reservoir holds liquid pain-killer supplied by the hospital pharmacy and loaded into the PCA pump by the clinician
ex_001835,no_trace,trace,traceĊĊAnswer:Ġtrace,The final WARC API shall be coded in C with minimum dependencies or external libraries (e.g. GZIP). It must not include any assembly code.,The HIE shall support the ability of consumers to request and receive access and disclosure reports which identify HIE users who have viewed
ex_001857,no_trace,no_trace,no_traceĊĊAnswer:,"At startup, the DPU-RTOS shall execute the BIT device RAM tests (cold boot only), install device drivers, execute the BIT driver loopback tests (cold boot only), and then spawn the application flight software.",Standard I/O InterfaceSSI ioctl() commands.
ex_001868,no_trace,trace,traceĊĊAnswer:Ġtrace,The DPU-TIS shall provide the capability for an application program to select the active 1PPS signal.,The system shall provide the ability to select order details including strength
